Driver,LapNumber,Compound,TyreLife,Stint,Position,LapTimeSeconds,PitStopLap,PitStopNextLap
ALB,2.0,HARD,1.0,2.0,9.0,142.255,1,0
ALB,3.0,HARD,2.0,2.0,9.0,87.834,0,0
ALB,4.0,HARD,3.0,2.0,9.0,83.286,0,0
ALB,5.0,HARD,4.0,2.0,9.0,83.369,0,0
ALB,6.0,HARD,5.0,2.0,9.0,83.416,0,0
ALB,7.0,HARD,6.0,2.0,9.0,81.913,0,0
ALB,8.0,HARD,7.0,2.0,9.0,81.536,0,0
ALB,9.0,HARD,8.0,2.0,9.0,82.004,0,0
ALB,10.0,HARD,9.0,2.0,9.0,81.562,0,0
ALB,11.0,HARD,10.0,2.0,9.0,81.514,0,0
ALB,12.0,HARD,11.0,2.0,9.0,80.821,0,0
ALB,13.0,HARD,12.0,2.0,9.0,81.42,0,0
ALB,14.0,HARD,13.0,2.0,9.0,80.591,0,0
ALB,15.0,HARD,14.0,2.0,9.0,80.591,0,0
ALB,16.0,HARD,15.0,2.0,9.0,80.793,0,0
ALB,17.0,HARD,16.0,2.0,9.0,81.137,0,0
ALB,18.0,HARD,17.0,2.0,9.0,80.042,0,0
ALB,19.0,HARD,18.0,2.0,9.0,80.245,0,0
ALB,20.0,HARD,19.0,2.0,9.0,80.36,0,0
ALB,21.0,HARD,20.0,2.0,9.0,80.937,0,0
ALB,22.0,HARD,21.0,2.0,9.0,80.542,0,0
ALB,23.0,HARD,22.0,2.0,9.0,80.143,0,0
ALB,24.0,HARD,23.0,2.0,9.0,80.517,0,0
ALB,25.0,HARD,24.0,2.0,9.0,80.323,0,0
ALB,26.0,HARD,25.0,2.0,9.0,80.463,0,0
ALB,27.0,HARD,26.0,2.0,9.0,80.509,0,0
ALB,28.0,HARD,27.0,2.0,9.0,79.51,0,0
ALB,29.0,HARD,28.0,2.0,9.0,80.271,0,0
ALB,30.0,HARD,29.0,2.0,9.0,81.439,0,0
ALB,31.0,HARD,30.0,2.0,9.0,80.941,0,0
ALB,32.0,HARD,31.0,2.0,9.0,80.148,0,0
ALB,33.0,HARD,32.0,2.0,9.0,79.491,0,0
ALB,34.0,HARD,33.0,2.0,9.0,79.134,0,0
ALB,35.0,HARD,34.0,2.0,9.0,78.816,0,0
ALB,36.0,HARD,35.0,2.0,9.0,81.628,0,0
ALB,37.0,HARD,36.0,2.0,9.0,80.775,0,0
ALB,38.0,HARD,37.0,2.0,9.0,80.314,0,0
ALB,39.0,HARD,38.0,2.0,9.0,80.389,0,0
ALB,40.0,HARD,39.0,2.0,9.0,79.812,0,0
ALB,41.0,HARD,40.0,2.0,9.0,79.329,0,0
ALB,42.0,HARD,41.0,2.0,9.0,80.084,0,0
ALB,43.0,HARD,42.0,2.0,9.0,79.496,0,0
ALB,44.0,HARD,43.0,2.0,9.0,79.683,0,0
ALB,45.0,HARD,44.0,2.0,9.0,81.748,0,0
ALB,46.0,HARD,45.0,2.0,9.0,80.594,0,0
ALB,47.0,HARD,46.0,2.0,9.0,80.462,0,0
ALB,48.0,HARD,47.0,2.0,9.0,79.321,0,0
ALB,49.0,HARD,48.0,2.0,9.0,79.378,0,0
ALB,50.0,HARD,49.0,2.0,9.0,79.268,0,0
ALB,51.0,HARD,50.0,2.0,9.0,78.863,0,0
ALB,52.0,HARD,51.0,2.0,9.0,81.554,0,0
ALB,53.0,HARD,52.0,2.0,9.0,80.7,0,0
ALB,54.0,HARD,53.0,2.0,9.0,83.647,0,0
ALB,55.0,HARD,54.0,2.0,9.0,79.085,0,0
ALB,56.0,HARD,55.0,2.0,9.0,78.796,0,0
ALB,57.0,HARD,56.0,2.0,9.0,78.271,0,0
ALB,58.0,HARD,57.0,2.0,9.0,78.69,0,0
ALB,59.0,HARD,58.0,2.0,9.0,78.201,0,0
ALB,60.0,HARD,59.0,2.0,9.0,79.533,0,0
ALB,61.0,HARD,60.0,2.0,9.0,80.222,0,0
ALB,62.0,HARD,61.0,2.0,9.0,79.506,0,0
ALB,63.0,HARD,62.0,2.0,9.0,83.085,0,0
ALB,64.0,HARD,63.0,2.0,9.0,77.911,0,0
ALB,65.0,HARD,64.0,2.0,9.0,77.261,0,0
ALB,66.0,HARD,65.0,2.0,9.0,78.003,0,0
ALB,67.0,HARD,66.0,2.0,9.0,77.874,0,0
ALB,68.0,HARD,67.0,2.0,9.0,78.385,0,0
ALB,69.0,HARD,68.0,2.0,9.0,79.921,0,0
ALB,70.0,HARD,69.0,2.0,9.0,79.37,0,0
ALB,71.0,HARD,70.0,2.0,9.0,78.957,0,0
ALB,72.0,HARD,71.0,2.0,9.0,78.165,0,0
ALB,73.0,HARD,72.0,2.0,9.0,78.432,0,0
ALB,74.0,HARD,73.0,2.0,9.0,78.014,0,0
ALB,75.0,HARD,74.0,2.0,9.0,77.85,0,0
ALB,76.0,HARD,75.0,2.0,9.0,77.279,0,0
ALB,77.0,HARD,76.0,2.0,9.0,77.06,0,0
ALO,2.0,MEDIUM,2.0,2.0,13.0,124.571,1,0
ALO,3.0,MEDIUM,3.0,2.0,12.0,89.188,0,0
ALO,4.0,MEDIUM,4.0,2.0,12.0,83.736,0,0
ALO,5.0,MEDIUM,5.0,2.0,12.0,83.575,0,0
ALO,6.0,MEDIUM,6.0,2.0,12.0,82.711,0,0
ALO,7.0,MEDIUM,7.0,2.0,12.0,82.866,0,0
ALO,8.0,MEDIUM,8.0,2.0,12.0,82.284,0,0
ALO,9.0,MEDIUM,9.0,2.0,12.0,81.65,0,0
ALO,10.0,MEDIUM,10.0,2.0,12.0,81.864,0,0
ALO,11.0,MEDIUM,11.0,2.0,12.0,81.418,0,0
ALO,12.0,MEDIUM,12.0,2.0,12.0,81.366,0,0
ALO,13.0,MEDIUM,13.0,2.0,12.0,81.428,0,0
ALO,14.0,MEDIUM,14.0,2.0,12.0,81.392,0,0
ALO,15.0,MEDIUM,15.0,2.0,12.0,81.061,0,0
ALO,16.0,MEDIUM,16.0,2.0,12.0,81.318,0,0
ALO,17.0,MEDIUM,17.0,2.0,12.0,80.799,0,0
ALO,18.0,MEDIUM,18.0,2.0,12.0,81.075,0,0
ALO,19.0,MEDIUM,19.0,2.0,12.0,80.605,0,0
ALO,20.0,MEDIUM,20.0,2.0,12.0,81.11,0,0
ALO,21.0,MEDIUM,21.0,2.0,12.0,80.317,0,0
ALO,22.0,MEDIUM,22.0,2.0,12.0,81.037,0,0
ALO,23.0,MEDIUM,23.0,2.0,12.0,80.246,0,0
ALO,24.0,MEDIUM,24.0,2.0,12.0,81.413,0,0
ALO,25.0,MEDIUM,25.0,2.0,12.0,81.091,0,0
ALO,26.0,MEDIUM,26.0,2.0,12.0,80.858,0,0
ALO,27.0,MEDIUM,27.0,2.0,12.0,81.303,0,0
ALO,28.0,MEDIUM,28.0,2.0,12.0,81.544,0,0
ALO,29.0,MEDIUM,29.0,2.0,12.0,81.205,0,0
ALO,30.0,MEDIUM,30.0,2.0,12.0,81.034,0,0
ALO,31.0,MEDIUM,31.0,2.0,12.0,80.642,0,0
ALO,32.0,MEDIUM,32.0,2.0,12.0,81.01,0,0
ALO,33.0,MEDIUM,33.0,2.0,12.0,80.35,0,0
ALO,34.0,MEDIUM,34.0,2.0,12.0,80.877,0,0
ALO,35.0,MEDIUM,35.0,2.0,12.0,80.432,0,0
ALO,36.0,MEDIUM,36.0,2.0,12.0,81.128,0,0
ALO,37.0,MEDIUM,37.0,2.0,12.0,81.512,0,0
ALO,38.0,MEDIUM,38.0,2.0,12.0,81.082,0,0
ALO,39.0,MEDIUM,39.0,2.0,12.0,81.265,0,0
ALO,40.0,MEDIUM,40.0,2.0,12.0,80.755,0,0
ALO,41.0,MEDIUM,41.0,2.0,12.0,83.446,0,0
ALO,42.0,MEDIUM,42.0,2.0,12.0,83.332,0,0
ALO,43.0,MEDIUM,43.0,2.0,12.0,80.286,0,0
ALO,44.0,MEDIUM,44.0,2.0,12.0,78.852,0,0
ALO,45.0,MEDIUM,45.0,2.0,12.0,79.956,0,0
ALO,46.0,MEDIUM,46.0,2.0,12.0,78.928,0,0
ALO,47.0,MEDIUM,47.0,2.0,12.0,79.109,0,0
ALO,48.0,MEDIUM,48.0,2.0,11.0,80.315,0,0
ALO,49.0,MEDIUM,49.0,2.0,11.0,79.837,0,0
ALO,50.0,MEDIUM,50.0,2.0,11.0,79.334,0,0
ALO,51.0,MEDIUM,51.0,2.0,11.0,80.636,0,0
ALO,52.0,MEDIUM,52.0,2.0,11.0,83.377,0,0
ALO,53.0,MEDIUM,53.0,2.0,11.0,79.992,0,0
ALO,54.0,MEDIUM,54.0,2.0,11.0,79.191,0,0
ALO,55.0,MEDIUM,55.0,2.0,11.0,79.411,0,0
ALO,56.0,MEDIUM,56.0,2.0,11.0,80.739,0,0
ALO,57.0,MEDIUM,57.0,2.0,11.0,80.6,0,0
ALO,58.0,MEDIUM,58.0,2.0,11.0,79.229,0,0
ALO,59.0,MEDIUM,59.0,2.0,11.0,79.219,0,0
ALO,60.0,MEDIUM,60.0,2.0,11.0,79.166,0,0
ALO,61.0,MEDIUM,61.0,2.0,11.0,78.752,0,0
ALO,62.0,MEDIUM,62.0,2.0,11.0,78.816,0,0
ALO,63.0,MEDIUM,63.0,2.0,11.0,78.556,0,0
ALO,64.0,MEDIUM,64.0,2.0,11.0,78.736,0,0
ALO,65.0,MEDIUM,65.0,2.0,11.0,78.633,0,0
ALO,66.0,MEDIUM,66.0,2.0,11.0,78.637,0,0
ALO,67.0,MEDIUM,67.0,2.0,11.0,78.126,0,0
ALO,68.0,MEDIUM,68.0,2.0,11.0,77.939,0,0
ALO,69.0,MEDIUM,69.0,2.0,11.0,78.713,0,0
ALO,70.0,MEDIUM,70.0,2.0,11.0,78.473,0,0
ALO,71.0,MEDIUM,71.0,2.0,11.0,78.133,0,0
ALO,72.0,MEDIUM,72.0,2.0,11.0,78.081,0,0
ALO,73.0,MEDIUM,73.0,2.0,11.0,78.504,0,0
ALO,74.0,MEDIUM,74.0,2.0,11.0,80.336,0,0
ALO,75.0,MEDIUM,75.0,2.0,11.0,78.663,0,0
ALO,76.0,MEDIUM,76.0,2.0,11.0,79.053,0,0
BOT,2.0,MEDIUM,1.0,2.0,15.0,116.358,1,0
BOT,3.0,MEDIUM,2.0,2.0,14.0,89.743,0,0
BOT,4.0,MEDIUM,3.0,2.0,14.0,83.386,0,0
BOT,5.0,MEDIUM,4.0,2.0,14.0,83.636,0,0
BOT,6.0,MEDIUM,5.0,2.0,14.0,82.868,0,0
BOT,7.0,MEDIUM,6.0,2.0,14.0,82.832,0,0
BOT,8.0,MEDIUM,7.0,2.0,14.0,82.249,0,0
BOT,9.0,MEDIUM,8.0,2.0,14.0,81.715,0,0
BOT,10.0,MEDIUM,9.0,2.0,14.0,81.947,0,0
BOT,11.0,MEDIUM,10.0,2.0,14.0,81.547,0,0
BOT,12.0,MEDIUM,11.0,2.0,14.0,81.328,0,0
BOT,13.0,MEDIUM,12.0,2.0,14.0,81.54,0,0
BOT,14.0,MEDIUM,13.0,2.0,14.0,81.221,0,0
BOT,15.0,MEDIUM,14.0,2.0,16.0,97.899,0,1
BOT,16.0,HARD,2.0,3.0,16.0,80.012,1,0
BOT,17.0,HARD,3.0,3.0,16.0,76.561,0,0
BOT,18.0,HARD,4.0,3.0,16.0,76.567,0,0
BOT,19.0,HARD,5.0,3.0,16.0,77.829,0,0
BOT,20.0,HARD,6.0,3.0,16.0,79.124,0,0
BOT,21.0,HARD,7.0,3.0,16.0,80.462,0,0
BOT,22.0,HARD,8.0,3.0,16.0,81.022,0,0
BOT,23.0,HARD,9.0,3.0,16.0,80.75,0,0
BOT,24.0,HARD,10.0,3.0,16.0,80.564,0,0
BOT,25.0,HARD,11.0,3.0,16.0,80.783,0,0
BOT,26.0,HARD,12.0,3.0,16.0,80.851,0,0
BOT,27.0,HARD,13.0,3.0,16.0,81.37,0,0
BOT,28.0,HARD,14.0,3.0,16.0,81.765,0,0
BOT,29.0,HARD,15.0,3.0,16.0,80.857,0,0
BOT,30.0,HARD,16.0,3.0,16.0,81.47,0,0
BOT,31.0,HARD,17.0,3.0,16.0,80.752,0,0
BOT,32.0,HARD,18.0,3.0,16.0,80.658,0,0
BOT,33.0,HARD,19.0,3.0,16.0,80.525,0,0
BOT,34.0,HARD,20.0,3.0,16.0,80.903,0,0
BOT,35.0,HARD,21.0,3.0,16.0,80.254,0,0
BOT,36.0,HARD,22.0,3.0,16.0,81.196,0,0
BOT,37.0,HARD,23.0,3.0,16.0,81.386,0,0
BOT,38.0,HARD,24.0,3.0,16.0,80.948,0,0
BOT,39.0,HARD,25.0,3.0,16.0,83.172,0,0
BOT,40.0,HARD,26.0,3.0,16.0,83.591,0,0
BOT,41.0,HARD,27.0,3.0,16.0,80.23,0,0
BOT,42.0,HARD,28.0,3.0,16.0,82.109,0,0
BOT,43.0,HARD,29.0,3.0,16.0,80.912,0,0
BOT,44.0,HARD,30.0,3.0,16.0,79.772,0,0
BOT,45.0,HARD,31.0,3.0,16.0,80.043,0,0
BOT,46.0,HARD,32.0,3.0,16.0,80.417,0,0
BOT,47.0,HARD,33.0,3.0,16.0,82.969,0,0
BOT,48.0,HARD,34.0,3.0,15.0,80.562,0,0
BOT,49.0,HARD,35.0,3.0,15.0,80.818,0,0
BOT,50.0,HARD,36.0,3.0,14.0,80.239,0,0
BOT,51.0,HARD,37.0,3.0,13.0,77.205,0,0
BOT,52.0,HARD,38.0,3.0,13.0,77.202,0,0
BOT,53.0,HARD,39.0,3.0,13.0,78.456,0,0
BOT,54.0,HARD,40.0,3.0,13.0,79.403,0,0
BOT,55.0,HARD,41.0,3.0,13.0,80.375,0,0
BOT,56.0,HARD,42.0,3.0,13.0,81.657,0,0
BOT,57.0,HARD,43.0,3.0,13.0,78.994,0,0
BOT,58.0,HARD,44.0,3.0,13.0,79.28,0,0
BOT,59.0,HARD,45.0,3.0,13.0,78.999,0,0
BOT,60.0,HARD,46.0,3.0,13.0,79.069,0,0
BOT,61.0,HARD,47.0,3.0,13.0,78.623,0,0
BOT,62.0,HARD,48.0,3.0,13.0,78.964,0,0
BOT,63.0,HARD,49.0,3.0,13.0,79.024,0,0
BOT,64.0,HARD,50.0,3.0,13.0,78.531,0,0
BOT,65.0,HARD,51.0,3.0,13.0,78.642,0,0
BOT,66.0,HARD,52.0,3.0,13.0,78.383,0,0
BOT,67.0,HARD,53.0,3.0,13.0,78.467,0,0
BOT,68.0,HARD,54.0,3.0,13.0,78.052,0,0
BOT,69.0,HARD,55.0,3.0,13.0,78.088,0,0
BOT,70.0,HARD,56.0,3.0,13.0,78.778,0,0
BOT,71.0,HARD,57.0,3.0,13.0,78.104,0,0
BOT,72.0,HARD,58.0,3.0,13.0,78.347,0,0
BOT,73.0,HARD,59.0,3.0,13.0,80.068,0,0
BOT,74.0,HARD,60.0,3.0,13.0,78.318,0,0
BOT,75.0,HARD,61.0,3.0,13.0,78.779,0,0
BOT,76.0,HARD,62.0,3.0,13.0,78.774,0,0
GAS,2.0,MEDIUM,1.0,2.0,10.0,139.618,1,0
GAS,3.0,MEDIUM,2.0,2.0,10.0,88.269,0,0
GAS,4.0,MEDIUM,3.0,2.0,10.0,83.269,0,0
GAS,5.0,MEDIUM,4.0,2.0,10.0,83.428,0,0
GAS,6.0,MEDIUM,5.0,2.0,10.0,83.106,0,0
GAS,7.0,MEDIUM,6.0,2.0,10.0,82.233,0,0
GAS,8.0,MEDIUM,7.0,2.0,10.0,81.6,0,0
GAS,9.0,MEDIUM,8.0,2.0,10.0,82.071,0,0
GAS,10.0,MEDIUM,9.0,2.0,10.0,81.394,0,0
GAS,11.0,MEDIUM,10.0,2.0,10.0,81.298,0,0
GAS,12.0,MEDIUM,11.0,2.0,10.0,81.289,0,0
GAS,13.0,MEDIUM,12.0,2.0,10.0,81.53,0,0
GAS,14.0,MEDIUM,13.0,2.0,10.0,79.92,0,0
GAS,15.0,MEDIUM,14.0,2.0,10.0,81.066,0,0
GAS,16.0,MEDIUM,15.0,2.0,10.0,81.054,0,0
GAS,17.0,MEDIUM,16.0,2.0,10.0,81.961,0,0
GAS,18.0,MEDIUM,17.0,2.0,10.0,80.797,0,0
GAS,19.0,MEDIUM,18.0,2.0,10.0,79.904,0,0
GAS,20.0,MEDIUM,19.0,2.0,10.0,80.255,0,0
GAS,21.0,MEDIUM,20.0,2.0,10.0,79.876,0,0
GAS,22.0,MEDIUM,21.0,2.0,10.0,80.554,0,0
GAS,23.0,MEDIUM,22.0,2.0,10.0,81.306,0,0
GAS,24.0,MEDIUM,23.0,2.0,10.0,80.949,0,0
GAS,25.0,MEDIUM,24.0,2.0,10.0,80.372,0,0
GAS,26.0,MEDIUM,25.0,2.0,10.0,80.593,0,0
GAS,27.0,MEDIUM,26.0,2.0,10.0,80.521,0,0
GAS,28.0,MEDIUM,27.0,2.0,10.0,80.229,0,0
GAS,29.0,MEDIUM,28.0,2.0,10.0,79.376,0,0
GAS,30.0,MEDIUM,29.0,2.0,10.0,81.764,0,0
GAS,31.0,MEDIUM,30.0,2.0,10.0,81.427,0,0
GAS,32.0,MEDIUM,31.0,2.0,10.0,81.121,0,0
GAS,33.0,MEDIUM,32.0,2.0,10.0,80.965,0,0
GAS,34.0,MEDIUM,33.0,2.0,10.0,80.751,0,0
GAS,35.0,MEDIUM,34.0,2.0,10.0,79.361,0,0
GAS,36.0,MEDIUM,35.0,2.0,10.0,79.576,0,0
GAS,37.0,MEDIUM,36.0,2.0,10.0,79.975,0,0
GAS,38.0,MEDIUM,37.0,2.0,10.0,79.428,0,0
GAS,39.0,MEDIUM,38.0,2.0,10.0,80.32,0,0
GAS,40.0,MEDIUM,39.0,2.0,10.0,80.384,0,0
GAS,41.0,MEDIUM,40.0,2.0,10.0,80.2,0,0
GAS,42.0,MEDIUM,41.0,2.0,10.0,79.977,0,0
GAS,43.0,MEDIUM,42.0,2.0,10.0,81.048,0,0
GAS,44.0,MEDIUM,43.0,2.0,10.0,80.621,0,0
GAS,45.0,MEDIUM,44.0,2.0,10.0,79.382,0,0
GAS,46.0,MEDIUM,45.0,2.0,10.0,79.97,0,0
GAS,47.0,MEDIUM,46.0,2.0,10.0,79.435,0,0
GAS,48.0,MEDIUM,47.0,2.0,10.0,79.865,0,0
GAS,49.0,MEDIUM,48.0,2.0,10.0,80.534,0,0
GAS,50.0,MEDIUM,49.0,2.0,10.0,81.023,0,0
GAS,51.0,MEDIUM,50.0,2.0,10.0,84.473,0,0
GAS,52.0,MEDIUM,51.0,2.0,10.0,79.743,0,0
GAS,53.0,MEDIUM,52.0,2.0,10.0,79.917,0,0
GAS,54.0,MEDIUM,53.0,2.0,10.0,79.091,0,0
GAS,55.0,MEDIUM,54.0,2.0,10.0,79.407,0,0
GAS,56.0,MEDIUM,55.0,2.0,10.0,79.704,0,0
GAS,57.0,MEDIUM,56.0,2.0,10.0,79.448,0,0
GAS,58.0,MEDIUM,57.0,2.0,10.0,79.097,0,0
GAS,59.0,MEDIUM,58.0,2.0,10.0,81.378,0,0
GAS,60.0,MEDIUM,59.0,2.0,10.0,80.237,0,0
GAS,61.0,MEDIUM,60.0,2.0,10.0,80.407,0,0
GAS,62.0,MEDIUM,61.0,2.0,10.0,78.469,0,0
GAS,63.0,MEDIUM,62.0,2.0,10.0,79.155,0,0
GAS,64.0,MEDIUM,63.0,2.0,10.0,78.868,0,0
GAS,65.0,MEDIUM,64.0,2.0,10.0,79.22,0,0
GAS,66.0,MEDIUM,65.0,2.0,10.0,78.726,0,0
GAS,67.0,MEDIUM,66.0,2.0,10.0,78.624,0,0
GAS,68.0,MEDIUM,67.0,2.0,10.0,78.545,0,0
GAS,69.0,MEDIUM,68.0,2.0,10.0,78.363,0,0
GAS,70.0,MEDIUM,69.0,2.0,10.0,77.799,0,0
GAS,71.0,MEDIUM,70.0,2.0,10.0,78.14,0,0
GAS,72.0,MEDIUM,71.0,2.0,10.0,78.382,0,0
GAS,73.0,MEDIUM,72.0,2.0,10.0,77.992,0,0
GAS,74.0,MEDIUM,73.0,2.0,10.0,76.689,0,0
GAS,75.0,MEDIUM,74.0,2.0,10.0,78.12,0,0
GAS,76.0,MEDIUM,75.0,2.0,10.0,77.516,0,0
GAS,77.0,MEDIUM,76.0,2.0,10.0,75.625,0,0
HAM,3.0,MEDIUM,2.0,2.0,7.0,87.058,1,0
HAM,4.0,MEDIUM,3.0,2.0,7.0,83.376,0,0
HAM,5.0,MEDIUM,4.0,2.0,7.0,83.64,0,0
HAM,6.0,MEDIUM,5.0,2.0,7.0,83.369,0,0
HAM,7.0,MEDIUM,6.0,2.0,7.0,81.463,0,0
HAM,8.0,MEDIUM,7.0,2.0,7.0,81.612,0,0
HAM,9.0,MEDIUM,8.0,2.0,7.0,81.851,0,0
HAM,10.0,MEDIUM,9.0,2.0,7.0,81.437,0,0
HAM,11.0,MEDIUM,10.0,2.0,7.0,81.325,0,0
HAM,12.0,MEDIUM,11.0,2.0,7.0,81.164,0,0
HAM,13.0,MEDIUM,12.0,2.0,7.0,80.171,0,0
HAM,14.0,MEDIUM,13.0,2.0,7.0,80.126,0,0
HAM,15.0,MEDIUM,14.0,2.0,7.0,79.971,0,0
HAM,16.0,MEDIUM,15.0,2.0,7.0,80.384,0,0
HAM,17.0,MEDIUM,16.0,2.0,7.0,79.738,0,0
HAM,18.0,MEDIUM,17.0,2.0,7.0,80.037,0,0
HAM,19.0,MEDIUM,18.0,2.0,7.0,79.874,0,0
HAM,20.0,MEDIUM,19.0,2.0,7.0,80.504,0,0
HAM,21.0,MEDIUM,20.0,2.0,7.0,79.76,0,0
HAM,22.0,MEDIUM,21.0,2.0,7.0,80.59,0,0
HAM,23.0,MEDIUM,22.0,2.0,7.0,79.089,0,0
HAM,24.0,MEDIUM,23.0,2.0,7.0,78.785,0,0
HAM,25.0,MEDIUM,24.0,2.0,7.0,79.342,0,0
HAM,26.0,MEDIUM,25.0,2.0,7.0,79.862,0,0
HAM,27.0,MEDIUM,26.0,2.0,7.0,78.549,0,0
HAM,28.0,MEDIUM,27.0,2.0,7.0,78.587,0,0
HAM,29.0,MEDIUM,28.0,2.0,7.0,78.94,0,0
HAM,30.0,MEDIUM,29.0,2.0,7.0,78.371,0,0
HAM,31.0,MEDIUM,30.0,2.0,7.0,78.471,0,0
HAM,32.0,MEDIUM,31.0,2.0,7.0,78.618,0,0
HAM,33.0,MEDIUM,32.0,2.0,7.0,78.746,0,0
HAM,34.0,MEDIUM,33.0,2.0,7.0,78.86,0,0
HAM,35.0,MEDIUM,34.0,2.0,7.0,79.518,0,0
HAM,36.0,MEDIUM,35.0,2.0,7.0,80.648,0,0
HAM,37.0,MEDIUM,36.0,2.0,7.0,78.605,0,0
HAM,38.0,MEDIUM,37.0,2.0,7.0,80.514,0,0
HAM,39.0,MEDIUM,38.0,2.0,7.0,78.943,0,0
HAM,40.0,MEDIUM,39.0,2.0,7.0,78.673,0,0
HAM,41.0,MEDIUM,40.0,2.0,7.0,78.946,0,0
HAM,42.0,MEDIUM,41.0,2.0,7.0,77.542,0,0
HAM,43.0,MEDIUM,42.0,2.0,7.0,77.867,0,0
HAM,44.0,MEDIUM,43.0,2.0,7.0,78.225,0,0
HAM,45.0,MEDIUM,44.0,2.0,7.0,78.156,0,0
HAM,46.0,MEDIUM,45.0,2.0,7.0,78.104,0,0
HAM,47.0,MEDIUM,46.0,2.0,7.0,78.331,0,0
HAM,48.0,MEDIUM,47.0,2.0,7.0,77.831,0,0
HAM,49.0,MEDIUM,48.0,2.0,7.0,77.398,0,0
HAM,50.0,MEDIUM,49.0,2.0,7.0,78.461,0,0
HAM,51.0,MEDIUM,50.0,2.0,7.0,95.209,0,1
HAM,52.0,HARD,2.0,3.0,7.0,79.702,1,0
HAM,53.0,HARD,3.0,3.0,7.0,76.458,0,0
HAM,54.0,HARD,4.0,3.0,7.0,76.388,0,0
HAM,55.0,HARD,5.0,3.0,7.0,76.492,0,0
HAM,56.0,HARD,6.0,3.0,7.0,74.423,0,0
HAM,57.0,HARD,7.0,3.0,7.0,77.857,0,0
HAM,58.0,HARD,8.0,3.0,7.0,76.855,0,0
HAM,59.0,HARD,9.0,3.0,7.0,74.204,0,0
HAM,60.0,HARD,10.0,3.0,7.0,75.848,0,0
HAM,61.0,HARD,11.0,3.0,7.0,75.274,0,0
HAM,62.0,HARD,12.0,3.0,7.0,75.414,0,0
HAM,63.0,HARD,13.0,3.0,7.0,74.165,0,0
HAM,64.0,HARD,14.0,3.0,7.0,76.164,0,0
HAM,65.0,HARD,15.0,3.0,7.0,75.19,0,0
HAM,66.0,HARD,16.0,3.0,7.0,75.342,0,0
HAM,67.0,HARD,17.0,3.0,7.0,76.117,0,0
HAM,68.0,HARD,18.0,3.0,7.0,75.836,0,0
HAM,69.0,HARD,19.0,3.0,7.0,75.648,0,0
HAM,70.0,HARD,20.0,3.0,7.0,75.638,0,0
HAM,71.0,HARD,21.0,3.0,7.0,75.643,0,0
HAM,72.0,HARD,22.0,3.0,7.0,75.468,0,0
HAM,73.0,HARD,23.0,3.0,7.0,75.134,0,0
HAM,74.0,HARD,24.0,3.0,7.0,75.324,0,0
HAM,75.0,HARD,25.0,3.0,7.0,75.324,0,0
HAM,76.0,HARD,26.0,3.0,7.0,75.245,0,0
HAM,77.0,HARD,27.0,3.0,7.0,75.697,0,0
HAM,78.0,HARD,28.0,3.0,7.0,76.355,0,0
LEC,3.0,HARD,2.0,2.0,1.0,84.624,1,0
LEC,4.0,HARD,3.0,2.0,1.0,82.625,0,0
LEC,5.0,HARD,4.0,2.0,1.0,81.795,0,0
LEC,6.0,HARD,5.0,2.0,1.0,81.145,0,0
LEC,7.0,HARD,6.0,2.0,1.0,80.98,0,0
LEC,8.0,HARD,7.0,2.0,1.0,81.03,0,0
LEC,9.0,HARD,8.0,2.0,1.0,80.114,0,0
LEC,10.0,HARD,9.0,2.0,1.0,80.775,0,0
LEC,11.0,HARD,10.0,2.0,1.0,81.046,0,0
LEC,12.0,HARD,11.0,2.0,1.0,80.252,0,0
LEC,13.0,HARD,12.0,2.0,1.0,79.017,0,0
LEC,14.0,HARD,13.0,2.0,1.0,79.913,0,0
LEC,15.0,HARD,14.0,2.0,1.0,79.838,0,0
LEC,16.0,HARD,15.0,2.0,1.0,80.156,0,0
LEC,17.0,HARD,16.0,2.0,1.0,80.279,0,0
LEC,18.0,HARD,17.0,2.0,1.0,79.58,0,0
LEC,19.0,HARD,18.0,2.0,1.0,78.842,0,0
LEC,20.0,HARD,19.0,2.0,1.0,78.724,0,0
LEC,21.0,HARD,20.0,2.0,1.0,78.472,0,0
LEC,22.0,HARD,21.0,2.0,1.0,78.62,0,0
LEC,23.0,HARD,22.0,2.0,1.0,78.458,0,0
LEC,24.0,HARD,23.0,2.0,1.0,78.725,0,0
LEC,25.0,HARD,24.0,2.0,1.0,78.973,0,0
LEC,26.0,HARD,25.0,2.0,1.0,78.445,0,0
LEC,27.0,HARD,26.0,2.0,1.0,78.351,0,0
LEC,28.0,HARD,27.0,2.0,1.0,78.71,0,0
LEC,29.0,HARD,28.0,2.0,1.0,79.053,0,0
LEC,30.0,HARD,29.0,2.0,1.0,79.935,0,0
LEC,31.0,HARD,30.0,2.0,1.0,78.393,0,0
LEC,32.0,HARD,31.0,2.0,1.0,79.125,0,0
LEC,33.0,HARD,32.0,2.0,1.0,78.494,0,0
LEC,34.0,HARD,33.0,2.0,1.0,79.319,0,0
LEC,35.0,HARD,34.0,2.0,1.0,78.53,0,0
LEC,36.0,HARD,35.0,2.0,1.0,78.689,0,0
LEC,37.0,HARD,36.0,2.0,1.0,78.925,0,0
LEC,38.0,HARD,37.0,2.0,1.0,78.528,0,0
LEC,39.0,HARD,38.0,2.0,1.0,78.181,0,0
LEC,40.0,HARD,39.0,2.0,1.0,78.733,0,0
LEC,41.0,HARD,40.0,2.0,1.0,78.694,0,0
LEC,42.0,HARD,41.0,2.0,1.0,79.277,0,0
LEC,43.0,HARD,42.0,2.0,1.0,77.865,0,0
LEC,44.0,HARD,43.0,2.0,1.0,78.276,0,0
LEC,45.0,HARD,44.0,2.0,1.0,78.541,0,0
LEC,46.0,HARD,45.0,2.0,1.0,78.567,0,0
LEC,47.0,HARD,46.0,2.0,1.0,79.185,0,0
LEC,48.0,HARD,47.0,2.0,1.0,77.941,0,0
LEC,49.0,HARD,48.0,2.0,1.0,78.506,0,0
LEC,50.0,HARD,49.0,2.0,1.0,78.185,0,0
LEC,51.0,HARD,50.0,2.0,1.0,77.79,0,0
LEC,52.0,HARD,51.0,2.0,1.0,78.311,0,0
LEC,53.0,HARD,52.0,2.0,1.0,77.748,0,0
LEC,54.0,HARD,53.0,2.0,1.0,77.357,0,0
LEC,55.0,HARD,54.0,2.0,1.0,77.444,0,0
LEC,56.0,HARD,55.0,2.0,1.0,77.266,0,0
LEC,57.0,HARD,56.0,2.0,1.0,77.64,0,0
LEC,58.0,HARD,57.0,2.0,1.0,77.028,0,0
LEC,59.0,HARD,58.0,2.0,1.0,77.034,0,0
LEC,60.0,HARD,59.0,2.0,1.0,76.414,0,0
LEC,61.0,HARD,60.0,2.0,1.0,76.863,0,0
LEC,62.0,HARD,61.0,2.0,1.0,77.454,0,0
LEC,63.0,HARD,62.0,2.0,1.0,76.971,0,0
LEC,64.0,HARD,63.0,2.0,1.0,76.56,0,0
LEC,65.0,HARD,64.0,2.0,1.0,76.607,0,0
LEC,66.0,HARD,65.0,2.0,1.0,76.489,0,0
LEC,67.0,HARD,66.0,2.0,1.0,75.941,0,0
LEC,68.0,HARD,67.0,2.0,1.0,76.082,0,0
LEC,69.0,HARD,68.0,2.0,1.0,76.373,0,0
LEC,70.0,HARD,69.0,2.0,1.0,75.767,0,0
LEC,71.0,HARD,70.0,2.0,1.0,75.162,0,0
LEC,72.0,HARD,71.0,2.0,1.0,75.547,0,0
LEC,73.0,HARD,72.0,2.0,1.0,76.219,0,0
LEC,74.0,HARD,73.0,2.0,1.0,76.105,0,0
LEC,75.0,HARD,74.0,2.0,1.0,76.387,0,0
LEC,76.0,HARD,75.0,2.0,1.0,76.808,0,0
LEC,77.0,HARD,76.0,2.0,1.0,76.933,0,0
LEC,78.0,HARD,77.0,2.0,1.0,78.636,0,0
NOR,3.0,HARD,3.0,2.0,4.0,85.283,1,0
NOR,4.0,HARD,4.0,2.0,4.0,82.782,0,0
NOR,5.0,HARD,5.0,2.0,4.0,82.147,0,0
NOR,6.0,HARD,6.0,2.0,4.0,81.804,0,0
NOR,7.0,HARD,7.0,2.0,4.0,80.828,0,0
NOR,8.0,HARD,8.0,2.0,4.0,80.82,0,0
NOR,9.0,HARD,9.0,2.0,4.0,80.397,0,0
NOR,10.0,HARD,10.0,2.0,4.0,80.972,0,0
NOR,11.0,HARD,11.0,2.0,4.0,80.87,0,0
NOR,12.0,HARD,12.0,2.0,4.0,79.933,0,0
NOR,13.0,HARD,13.0,2.0,4.0,79.82,0,0
NOR,14.0,HARD,14.0,2.0,4.0,79.385,0,0
NOR,15.0,HARD,15.0,2.0,4.0,79.775,0,0
NOR,16.0,HARD,16.0,2.0,4.0,79.637,0,0
NOR,17.0,HARD,17.0,2.0,4.0,80.337,0,0
NOR,18.0,HARD,18.0,2.0,4.0,79.398,0,0
NOR,19.0,HARD,19.0,2.0,4.0,79.28,0,0
NOR,20.0,HARD,20.0,2.0,4.0,79.043,0,0
NOR,21.0,HARD,21.0,2.0,4.0,78.983,0,0
NOR,22.0,HARD,22.0,2.0,4.0,78.981,0,0
NOR,23.0,HARD,23.0,2.0,4.0,79.194,0,0
NOR,24.0,HARD,24.0,2.0,4.0,78.699,0,0
NOR,25.0,HARD,25.0,2.0,4.0,78.64,0,0
NOR,26.0,HARD,26.0,2.0,4.0,78.396,0,0
NOR,27.0,HARD,27.0,2.0,4.0,78.72,0,0
NOR,28.0,HARD,28.0,2.0,4.0,79.238,0,0
NOR,29.0,HARD,29.0,2.0,4.0,78.766,0,0
NOR,30.0,HARD,30.0,2.0,4.0,78.403,0,0
NOR,31.0,HARD,31.0,2.0,4.0,78.78,0,0
NOR,32.0,HARD,32.0,2.0,4.0,79.538,0,0
NOR,33.0,HARD,33.0,2.0,4.0,79.233,0,0
NOR,34.0,HARD,34.0,2.0,4.0,79.243,0,0
NOR,35.0,HARD,35.0,2.0,4.0,78.714,0,0
NOR,36.0,HARD,36.0,2.0,4.0,78.582,0,0
NOR,37.0,HARD,37.0,2.0,4.0,77.958,0,0
NOR,38.0,HARD,38.0,2.0,4.0,77.994,0,0
NOR,39.0,HARD,39.0,2.0,4.0,78.303,0,0
NOR,40.0,HARD,40.0,2.0,4.0,78.824,0,0
NOR,41.0,HARD,41.0,2.0,4.0,78.519,0,0
NOR,42.0,HARD,42.0,2.0,4.0,79.436,0,0
NOR,43.0,HARD,43.0,2.0,4.0,79.796,0,0
NOR,44.0,HARD,44.0,2.0,4.0,78.906,0,0
NOR,45.0,HARD,45.0,2.0,4.0,77.897,0,0
NOR,46.0,HARD,46.0,2.0,4.0,78.215,0,0
NOR,47.0,HARD,47.0,2.0,4.0,78.141,0,0
NOR,48.0,HARD,48.0,2.0,4.0,77.975,0,0
NOR,49.0,HARD,49.0,2.0,4.0,78.177,0,0
NOR,50.0,HARD,50.0,2.0,4.0,78.218,0,0
NOR,51.0,HARD,51.0,2.0,4.0,77.772,0,0
NOR,52.0,HARD,52.0,2.0,4.0,78.223,0,0
NOR,53.0,HARD,53.0,2.0,4.0,77.57,0,0
NOR,54.0,HARD,54.0,2.0,4.0,77.838,0,0
NOR,55.0,HARD,55.0,2.0,4.0,78.382,0,0
NOR,56.0,HARD,56.0,2.0,4.0,78.155,0,0
NOR,57.0,HARD,57.0,2.0,4.0,77.815,0,0
NOR,58.0,HARD,58.0,2.0,4.0,77.395,0,0
NOR,59.0,HARD,59.0,2.0,4.0,77.122,0,0
NOR,60.0,HARD,60.0,2.0,4.0,76.695,0,0
NOR,61.0,HARD,61.0,2.0,4.0,77.614,0,0
NOR,62.0,HARD,62.0,2.0,4.0,76.026,0,0
NOR,63.0,HARD,63.0,2.0,4.0,76.876,0,0
NOR,64.0,HARD,64.0,2.0,4.0,75.742,0,0
NOR,65.0,HARD,65.0,2.0,4.0,77.143,0,0
NOR,66.0,HARD,66.0,2.0,4.0,76.214,0,0
NOR,67.0,HARD,67.0,2.0,4.0,76.115,0,0
NOR,68.0,HARD,68.0,2.0,4.0,76.172,0,0
NOR,69.0,HARD,69.0,2.0,4.0,76.314,0,0
NOR,70.0,HARD,70.0,2.0,4.0,77.213,0,0
NOR,71.0,HARD,71.0,2.0,4.0,76.609,0,0
NOR,72.0,HARD,72.0,2.0,4.0,76.801,0,0
NOR,73.0,HARD,73.0,2.0,4.0,76.285,0,0
NOR,74.0,HARD,74.0,2.0,4.0,76.429,0,0
NOR,75.0,HARD,75.0,2.0,4.0,76.517,0,0
NOR,76.0,HARD,76.0,2.0,4.0,76.671,0,0
NOR,77.0,HARD,77.0,2.0,4.0,76.512,0,0
NOR,78.0,HARD,78.0,2.0,4.0,77.296,0,0
PIA,3.0,HARD,3.0,2.0,2.0,84.953,1,0
PIA,4.0,HARD,4.0,2.0,2.0,82.314,0,0
PIA,5.0,HARD,5.0,2.0,2.0,82.019,0,0
PIA,6.0,HARD,6.0,2.0,2.0,81.354,0,0
PIA,7.0,HARD,7.0,2.0,2.0,80.808,0,0
PIA,8.0,HARD,8.0,2.0,2.0,81.058,0,0
PIA,9.0,HARD,9.0,2.0,2.0,79.906,0,0
PIA,10.0,HARD,10.0,2.0,2.0,80.89,0,0
PIA,11.0,HARD,11.0,2.0,2.0,80.898,0,0
PIA,12.0,HARD,12.0,2.0,2.0,80.135,0,0
PIA,13.0,HARD,13.0,2.0,2.0,78.745,0,0
PIA,14.0,HARD,14.0,2.0,2.0,80.014,0,0
PIA,15.0,HARD,15.0,2.0,2.0,80.264,0,0
PIA,16.0,HARD,16.0,2.0,2.0,79.829,0,0
PIA,17.0,HARD,17.0,2.0,2.0,80.028,0,0
PIA,18.0,HARD,18.0,2.0,2.0,79.832,0,0
PIA,19.0,HARD,19.0,2.0,2.0,79.179,0,0
PIA,20.0,HARD,20.0,2.0,2.0,79.055,0,0
PIA,21.0,HARD,21.0,2.0,2.0,78.601,0,0
PIA,22.0,HARD,22.0,2.0,2.0,78.585,0,0
PIA,23.0,HARD,23.0,2.0,2.0,78.658,0,0
PIA,24.0,HARD,24.0,2.0,2.0,78.636,0,0
PIA,25.0,HARD,25.0,2.0,2.0,78.784,0,0
PIA,26.0,HARD,26.0,2.0,2.0,78.44,0,0
PIA,27.0,HARD,27.0,2.0,2.0,78.523,0,0
PIA,28.0,HARD,28.0,2.0,2.0,78.791,0,0
PIA,29.0,HARD,29.0,2.0,2.0,79.01,0,0
PIA,30.0,HARD,30.0,2.0,2.0,79.396,0,0
PIA,31.0,HARD,31.0,2.0,2.0,78.449,0,0
PIA,32.0,HARD,32.0,2.0,2.0,78.969,0,0
PIA,33.0,HARD,33.0,2.0,2.0,79.06,0,0
PIA,34.0,HARD,34.0,2.0,2.0,78.978,0,0
PIA,35.0,HARD,35.0,2.0,2.0,78.605,0,0
PIA,36.0,HARD,36.0,2.0,2.0,78.882,0,0
PIA,37.0,HARD,37.0,2.0,2.0,78.612,0,0
PIA,38.0,HARD,38.0,2.0,2.0,78.731,0,0
PIA,39.0,HARD,39.0,2.0,2.0,78.362,0,0
PIA,40.0,HARD,40.0,2.0,2.0,78.951,0,0
PIA,41.0,HARD,41.0,2.0,2.0,78.846,0,0
PIA,42.0,HARD,42.0,2.0,2.0,79.795,0,0
PIA,43.0,HARD,43.0,2.0,2.0,78.198,0,0
PIA,44.0,HARD,44.0,2.0,2.0,78.277,0,0
PIA,45.0,HARD,45.0,2.0,2.0,78.082,0,0
PIA,46.0,HARD,46.0,2.0,2.0,78.623,0,0
PIA,47.0,HARD,47.0,2.0,2.0,78.399,0,0
PIA,48.0,HARD,48.0,2.0,2.0,78.395,0,0
PIA,49.0,HARD,49.0,2.0,2.0,78.136,0,0
PIA,50.0,HARD,50.0,2.0,2.0,78.35,0,0
PIA,51.0,HARD,51.0,2.0,2.0,77.909,0,0
PIA,52.0,HARD,52.0,2.0,2.0,78.214,0,0
PIA,53.0,HARD,53.0,2.0,2.0,77.609,0,0
PIA,54.0,HARD,54.0,2.0,2.0,77.362,0,0
PIA,55.0,HARD,55.0,2.0,2.0,77.445,0,0
PIA,56.0,HARD,56.0,2.0,2.0,77.456,0,0
PIA,57.0,HARD,57.0,2.0,2.0,77.3,0,0
PIA,58.0,HARD,58.0,2.0,2.0,77.344,0,0
PIA,59.0,HARD,59.0,2.0,2.0,77.042,0,0
PIA,60.0,HARD,60.0,2.0,2.0,76.617,0,0
PIA,61.0,HARD,61.0,2.0,2.0,76.771,0,0
PIA,62.0,HARD,62.0,2.0,2.0,77.095,0,0
PIA,63.0,HARD,63.0,2.0,2.0,76.921,0,0
PIA,64.0,HARD,64.0,2.0,2.0,76.909,0,0
PIA,65.0,HARD,65.0,2.0,2.0,76.391,0,0
PIA,66.0,HARD,66.0,2.0,2.0,76.64,0,0
PIA,67.0,HARD,67.0,2.0,2.0,76.596,0,0
PIA,68.0,HARD,68.0,2.0,2.0,76.601,0,0
PIA,69.0,HARD,69.0,2.0,2.0,77.371,0,0
PIA,70.0,HARD,70.0,2.0,2.0,77.27,0,0
PIA,71.0,HARD,71.0,2.0,2.0,77.184,0,0
PIA,72.0,HARD,72.0,2.0,2.0,76.652,0,0
PIA,73.0,HARD,73.0,2.0,2.0,76.281,0,0
PIA,74.0,HARD,74.0,2.0,2.0,76.356,0,0
PIA,75.0,HARD,75.0,2.0,2.0,76.644,0,0
PIA,76.0,HARD,76.0,2.0,2.0,76.59,0,0
PIA,77.0,HARD,77.0,2.0,2.0,76.734,0,0
PIA,78.0,HARD,78.0,2.0,2.0,77.126,0,0
RIC,2.0,HARD,2.0,2.0,12.0,130.108,1,0
RIC,3.0,HARD,3.0,2.0,13.0,89.656,0,0
RIC,4.0,HARD,4.0,2.0,13.0,83.524,0,0
RIC,5.0,HARD,5.0,2.0,13.0,83.744,0,0
RIC,6.0,HARD,6.0,2.0,13.0,82.748,0,0
RIC,7.0,HARD,7.0,2.0,13.0,82.747,0,0
RIC,8.0,HARD,8.0,2.0,13.0,82.433,0,0
RIC,9.0,HARD,9.0,2.0,13.0,81.528,0,0
RIC,10.0,HARD,10.0,2.0,13.0,81.976,0,0
RIC,11.0,HARD,11.0,2.0,13.0,81.53,0,0
RIC,12.0,HARD,12.0,2.0,13.0,81.277,0,0
RIC,13.0,HARD,13.0,2.0,13.0,81.416,0,0
RIC,14.0,HARD,14.0,2.0,13.0,81.391,0,0
RIC,15.0,HARD,15.0,2.0,13.0,81.177,0,0
RIC,16.0,HARD,16.0,2.0,13.0,81.125,0,0
RIC,17.0,HARD,17.0,2.0,13.0,80.862,0,0
RIC,18.0,HARD,18.0,2.0,13.0,81.108,0,0
RIC,19.0,HARD,19.0,2.0,13.0,81.31,0,0
RIC,20.0,HARD,20.0,2.0,13.0,80.942,0,0
RIC,21.0,HARD,21.0,2.0,13.0,80.817,0,0
RIC,22.0,HARD,22.0,2.0,13.0,80.849,0,0
RIC,23.0,HARD,23.0,2.0,13.0,80.662,0,0
RIC,24.0,HARD,24.0,2.0,13.0,80.348,0,0
RIC,25.0,HARD,25.0,2.0,13.0,81.029,0,0
RIC,26.0,HARD,26.0,2.0,13.0,80.691,0,0
RIC,27.0,HARD,27.0,2.0,13.0,81.365,0,0
RIC,28.0,HARD,28.0,2.0,13.0,81.566,0,0
RIC,29.0,HARD,29.0,2.0,13.0,81.265,0,0
RIC,30.0,HARD,30.0,2.0,13.0,80.9,0,0
RIC,31.0,HARD,31.0,2.0,13.0,80.703,0,0
RIC,32.0,HARD,32.0,2.0,13.0,80.94,0,0
RIC,33.0,HARD,33.0,2.0,13.0,80.395,0,0
RIC,34.0,HARD,34.0,2.0,13.0,80.84,0,0
RIC,35.0,HARD,35.0,2.0,13.0,80.54,0,0
RIC,36.0,HARD,36.0,2.0,13.0,81.126,0,0
RIC,37.0,HARD,37.0,2.0,13.0,81.358,0,0
RIC,38.0,HARD,38.0,2.0,13.0,81.099,0,0
RIC,39.0,HARD,39.0,2.0,13.0,81.255,0,0
RIC,40.0,HARD,40.0,2.0,13.0,80.87,0,0
RIC,41.0,HARD,41.0,2.0,13.0,85.218,0,0
RIC,42.0,HARD,42.0,2.0,13.0,81.527,0,0
RIC,43.0,HARD,43.0,2.0,13.0,81.053,0,0
RIC,44.0,HARD,44.0,2.0,13.0,78.003,0,0
RIC,45.0,HARD,45.0,2.0,13.0,81.761,0,0
RIC,46.0,HARD,46.0,2.0,13.0,77.172,0,0
RIC,47.0,HARD,47.0,2.0,13.0,81.071,0,0
RIC,48.0,HARD,48.0,2.0,12.0,78.282,0,0
RIC,49.0,HARD,49.0,2.0,12.0,79.837,0,0
RIC,50.0,HARD,50.0,2.0,12.0,79.796,0,0
RIC,51.0,HARD,51.0,2.0,12.0,82.683,0,0
RIC,52.0,HARD,52.0,2.0,12.0,80.696,0,0
RIC,53.0,HARD,53.0,2.0,12.0,80.079,0,0
RIC,54.0,HARD,54.0,2.0,12.0,79.176,0,0
RIC,55.0,HARD,55.0,2.0,12.0,79.457,0,0
RIC,56.0,HARD,56.0,2.0,12.0,82.007,0,0
RIC,57.0,HARD,57.0,2.0,12.0,79.672,0,0
RIC,58.0,HARD,58.0,2.0,12.0,79.119,0,0
RIC,59.0,HARD,59.0,2.0,12.0,78.936,0,0
RIC,60.0,HARD,60.0,2.0,12.0,79.23,0,0
RIC,61.0,HARD,61.0,2.0,12.0,78.771,0,0
RIC,62.0,HARD,62.0,2.0,12.0,78.977,0,0
RIC,63.0,HARD,63.0,2.0,12.0,78.805,0,0
RIC,64.0,HARD,64.0,2.0,12.0,78.637,0,0
RIC,65.0,HARD,65.0,2.0,12.0,78.73,0,0
RIC,66.0,HARD,66.0,2.0,12.0,78.248,0,0
RIC,67.0,HARD,67.0,2.0,12.0,78.219,0,0
RIC,68.0,HARD,68.0,2.0,12.0,78.116,0,0
RIC,69.0,HARD,69.0,2.0,12.0,78.386,0,0
RIC,70.0,HARD,70.0,2.0,12.0,78.706,0,0
RIC,71.0,HARD,71.0,2.0,12.0,78.108,0,0
RIC,72.0,HARD,72.0,2.0,12.0,78.068,0,0
RIC,73.0,HARD,73.0,2.0,12.0,78.512,0,0
RIC,74.0,HARD,74.0,2.0,12.0,80.358,0,0
RIC,75.0,HARD,75.0,2.0,12.0,78.645,0,0
RIC,76.0,HARD,76.0,2.0,12.0,78.93,0,0
RUS,3.0,MEDIUM,2.0,2.0,5.0,85.319,1,0
RUS,4.0,MEDIUM,3.0,2.0,5.0,82.868,0,0
RUS,5.0,MEDIUM,4.0,2.0,5.0,83.045,0,0
RUS,6.0,MEDIUM,5.0,2.0,5.0,83.012,0,0
RUS,7.0,MEDIUM,6.0,2.0,5.0,81.415,0,0
RUS,8.0,MEDIUM,7.0,2.0,5.0,81.612,0,0
RUS,9.0,MEDIUM,8.0,2.0,5.0,81.433,0,0
RUS,10.0,MEDIUM,9.0,2.0,5.0,81.531,0,0
RUS,11.0,MEDIUM,10.0,2.0,5.0,81.452,0,0
RUS,12.0,MEDIUM,11.0,2.0,5.0,80.316,0,0
RUS,13.0,MEDIUM,12.0,2.0,5.0,80.525,0,0
RUS,14.0,MEDIUM,13.0,2.0,5.0,80.272,0,0
RUS,15.0,MEDIUM,14.0,2.0,5.0,80.202,0,0
RUS,16.0,MEDIUM,15.0,2.0,5.0,79.913,0,0
RUS,17.0,MEDIUM,16.0,2.0,5.0,80.15,0,0
RUS,18.0,MEDIUM,17.0,2.0,5.0,79.438,0,0
RUS,19.0,MEDIUM,18.0,2.0,5.0,80.157,0,0
RUS,20.0,MEDIUM,19.0,2.0,5.0,80.053,0,0
RUS,21.0,MEDIUM,20.0,2.0,5.0,79.788,0,0
RUS,22.0,MEDIUM,21.0,2.0,5.0,79.691,0,0
RUS,23.0,MEDIUM,22.0,2.0,5.0,79.397,0,0
RUS,24.0,MEDIUM,23.0,2.0,5.0,79.484,0,0
RUS,25.0,MEDIUM,24.0,2.0,5.0,78.651,0,0
RUS,26.0,MEDIUM,25.0,2.0,5.0,79.006,0,0
RUS,27.0,MEDIUM,26.0,2.0,5.0,78.927,0,0
RUS,28.0,MEDIUM,27.0,2.0,5.0,78.679,0,0
RUS,29.0,MEDIUM,28.0,2.0,5.0,78.624,0,0
RUS,30.0,MEDIUM,29.0,2.0,5.0,78.811,0,0
RUS,31.0,MEDIUM,30.0,2.0,5.0,79.101,0,0
RUS,32.0,MEDIUM,31.0,2.0,5.0,79.122,0,0
RUS,33.0,MEDIUM,32.0,2.0,5.0,78.91,0,0
RUS,34.0,MEDIUM,33.0,2.0,5.0,79.379,0,0
RUS,35.0,MEDIUM,34.0,2.0,5.0,80.448,0,0
RUS,36.0,MEDIUM,35.0,2.0,5.0,79.728,0,0
RUS,37.0,MEDIUM,36.0,2.0,5.0,78.757,0,0
RUS,38.0,MEDIUM,37.0,2.0,5.0,78.446,0,0
RUS,39.0,MEDIUM,38.0,2.0,5.0,78.45,0,0
RUS,40.0,MEDIUM,39.0,2.0,5.0,78.139,0,0
RUS,41.0,MEDIUM,40.0,2.0,5.0,78.308,0,0
RUS,42.0,MEDIUM,41.0,2.0,5.0,78.204,0,0
RUS,43.0,MEDIUM,42.0,2.0,5.0,78.684,0,0
RUS,44.0,MEDIUM,43.0,2.0,5.0,78.177,0,0
RUS,45.0,MEDIUM,44.0,2.0,5.0,78.449,0,0
RUS,46.0,MEDIUM,45.0,2.0,5.0,78.387,0,0
RUS,47.0,MEDIUM,46.0,2.0,5.0,78.314,0,0
RUS,48.0,MEDIUM,47.0,2.0,5.0,78.702,0,0
RUS,49.0,MEDIUM,48.0,2.0,5.0,78.985,0,0
RUS,50.0,MEDIUM,49.0,2.0,5.0,78.447,0,0
RUS,51.0,MEDIUM,50.0,2.0,5.0,78.049,0,0
RUS,52.0,MEDIUM,51.0,2.0,5.0,78.602,0,0
RUS,53.0,MEDIUM,52.0,2.0,5.0,80.891,0,0
RUS,54.0,MEDIUM,53.0,2.0,5.0,78.201,0,0
RUS,55.0,MEDIUM,54.0,2.0,5.0,77.305,0,0
RUS,56.0,MEDIUM,55.0,2.0,5.0,77.071,0,0
RUS,57.0,MEDIUM,56.0,2.0,5.0,76.91,0,0
RUS,58.0,MEDIUM,57.0,2.0,5.0,77.142,0,0
RUS,59.0,MEDIUM,58.0,2.0,5.0,76.842,0,0
RUS,60.0,MEDIUM,59.0,2.0,5.0,76.604,0,0
RUS,61.0,MEDIUM,60.0,2.0,5.0,76.697,0,0
RUS,62.0,MEDIUM,61.0,2.0,5.0,76.787,0,0
RUS,63.0,MEDIUM,62.0,2.0,5.0,76.581,0,0
RUS,64.0,MEDIUM,63.0,2.0,5.0,76.133,0,0
RUS,65.0,MEDIUM,64.0,2.0,5.0,75.651,0,0
RUS,66.0,MEDIUM,65.0,2.0,5.0,75.848,0,0
RUS,67.0,MEDIUM,66.0,2.0,5.0,76.157,0,0
RUS,68.0,MEDIUM,67.0,2.0,5.0,75.931,0,0
RUS,69.0,MEDIUM,68.0,2.0,5.0,75.869,0,0
RUS,70.0,MEDIUM,69.0,2.0,5.0,75.251,0,0
RUS,71.0,MEDIUM,70.0,2.0,5.0,75.827,0,0
RUS,72.0,MEDIUM,71.0,2.0,5.0,75.839,0,0
RUS,73.0,MEDIUM,72.0,2.0,5.0,75.228,0,0
RUS,74.0,MEDIUM,73.0,2.0,5.0,75.376,0,0
RUS,75.0,MEDIUM,74.0,2.0,5.0,75.525,0,0
RUS,76.0,MEDIUM,75.0,2.0,5.0,75.753,0,0
RUS,77.0,MEDIUM,76.0,2.0,5.0,75.532,0,0
RUS,78.0,MEDIUM,77.0,2.0,5.0,76.303,0,0
SAI,3.0,HARD,2.0,2.0,3.0,85.012,1,0
SAI,4.0,HARD,3.0,2.0,3.0,82.358,0,0
SAI,5.0,HARD,4.0,2.0,3.0,81.978,0,0
SAI,6.0,HARD,5.0,2.0,3.0,81.163,0,0
SAI,7.0,HARD,6.0,2.0,3.0,81.466,0,0
SAI,8.0,HARD,7.0,2.0,3.0,80.272,0,0
SAI,9.0,HARD,8.0,2.0,3.0,80.525,0,0
SAI,10.0,HARD,9.0,2.0,3.0,81.259,0,0
SAI,11.0,HARD,10.0,2.0,3.0,80.246,0,0
SAI,12.0,HARD,11.0,2.0,3.0,79.974,0,0
SAI,13.0,HARD,12.0,2.0,3.0,80.017,0,0
SAI,14.0,HARD,13.0,2.0,3.0,79.48,0,0
SAI,15.0,HARD,14.0,2.0,3.0,79.543,0,0
SAI,16.0,HARD,15.0,2.0,3.0,80.579,0,0
SAI,17.0,HARD,16.0,2.0,3.0,80.076,0,0
SAI,18.0,HARD,17.0,2.0,3.0,79.177,0,0
SAI,19.0,HARD,18.0,2.0,3.0,79.445,0,0
SAI,20.0,HARD,19.0,2.0,3.0,79.403,0,0
SAI,21.0,HARD,20.0,2.0,3.0,78.917,0,0
SAI,22.0,HARD,21.0,2.0,3.0,78.889,0,0
SAI,23.0,HARD,22.0,2.0,3.0,78.993,0,0
SAI,24.0,HARD,23.0,2.0,3.0,78.568,0,0
SAI,25.0,HARD,24.0,2.0,3.0,78.537,0,0
SAI,26.0,HARD,25.0,2.0,3.0,78.088,0,0
SAI,27.0,HARD,26.0,2.0,3.0,79.49,0,0
SAI,28.0,HARD,27.0,2.0,3.0,79.281,0,0
SAI,29.0,HARD,28.0,2.0,3.0,78.697,0,0
SAI,30.0,HARD,29.0,2.0,3.0,77.326,0,0
SAI,31.0,HARD,30.0,2.0,3.0,79.784,0,0
SAI,32.0,HARD,31.0,2.0,3.0,80.136,0,0
SAI,33.0,HARD,32.0,2.0,3.0,78.778,0,0
SAI,34.0,HARD,33.0,2.0,3.0,79.013,0,0
SAI,35.0,HARD,34.0,2.0,3.0,78.465,0,0
SAI,36.0,HARD,35.0,2.0,3.0,79.275,0,0
SAI,37.0,HARD,36.0,2.0,3.0,77.577,0,0
SAI,38.0,HARD,37.0,2.0,3.0,78.412,0,0
SAI,39.0,HARD,38.0,2.0,3.0,78.31,0,0
SAI,40.0,HARD,39.0,2.0,3.0,78.653,0,0
SAI,41.0,HARD,40.0,2.0,3.0,78.714,0,0
SAI,42.0,HARD,41.0,2.0,3.0,79.171,0,0
SAI,43.0,HARD,42.0,2.0,3.0,79.594,0,0
SAI,44.0,HARD,43.0,2.0,3.0,78.762,0,0
SAI,45.0,HARD,44.0,2.0,3.0,77.885,0,0
SAI,46.0,HARD,45.0,2.0,3.0,78.731,0,0
SAI,47.0,HARD,46.0,2.0,3.0,78.141,0,0
SAI,48.0,HARD,47.0,2.0,3.0,77.894,0,0
SAI,49.0,HARD,48.0,2.0,3.0,78.259,0,0
SAI,50.0,HARD,49.0,2.0,3.0,78.545,0,0
SAI,51.0,HARD,50.0,2.0,3.0,77.528,0,0
SAI,52.0,HARD,51.0,2.0,3.0,78.094,0,0
SAI,53.0,HARD,52.0,2.0,3.0,77.759,0,0
SAI,54.0,HARD,53.0,2.0,3.0,77.742,0,0
SAI,55.0,HARD,54.0,2.0,3.0,78.661,0,0
SAI,56.0,HARD,55.0,2.0,3.0,78.119,0,0
SAI,57.0,HARD,56.0,2.0,3.0,77.599,0,0
SAI,58.0,HARD,57.0,2.0,3.0,77.501,0,0
SAI,59.0,HARD,58.0,2.0,3.0,77.134,0,0
SAI,60.0,HARD,59.0,2.0,3.0,75.159,0,0
SAI,61.0,HARD,60.0,2.0,3.0,79.046,0,0
SAI,62.0,HARD,61.0,2.0,3.0,74.726,0,0
SAI,63.0,HARD,62.0,2.0,3.0,78.207,0,0
SAI,64.0,HARD,63.0,2.0,3.0,74.813,0,0
SAI,65.0,HARD,64.0,2.0,3.0,78.137,0,0
SAI,66.0,HARD,65.0,2.0,3.0,75.409,0,0
SAI,67.0,HARD,66.0,2.0,3.0,76.847,0,0
SAI,68.0,HARD,67.0,2.0,3.0,75.595,0,0
SAI,69.0,HARD,68.0,2.0,3.0,76.218,0,0
SAI,70.0,HARD,69.0,2.0,3.0,77.117,0,0
SAI,71.0,HARD,70.0,2.0,3.0,77.214,0,0
SAI,72.0,HARD,71.0,2.0,3.0,76.785,0,0
SAI,73.0,HARD,72.0,2.0,3.0,76.417,0,0
SAI,74.0,HARD,73.0,2.0,3.0,76.063,0,0
SAI,75.0,HARD,74.0,2.0,3.0,76.905,0,0
SAI,76.0,HARD,75.0,2.0,3.0,76.328,0,0
SAI,77.0,HARD,76.0,2.0,3.0,76.701,0,0
SAI,78.0,HARD,77.0,2.0,3.0,77.072,0,0
SAR,2.0,HARD,2.0,2.0,14.0,121.235,1,0
SAR,3.0,HARD,3.0,2.0,15.0,90.077,0,0
SAR,4.0,HARD,4.0,2.0,15.0,83.682,0,0
SAR,5.0,HARD,5.0,2.0,15.0,83.674,0,0
SAR,6.0,HARD,6.0,2.0,15.0,82.739,0,0
SAR,7.0,HARD,7.0,2.0,15.0,82.899,0,0
SAR,8.0,HARD,8.0,2.0,15.0,82.221,0,0
SAR,9.0,HARD,9.0,2.0,15.0,81.679,0,0
SAR,10.0,HARD,10.0,2.0,15.0,81.944,0,0
SAR,11.0,HARD,11.0,2.0,15.0,81.492,0,0
SAR,12.0,HARD,12.0,2.0,15.0,81.404,0,0
SAR,13.0,HARD,13.0,2.0,15.0,81.499,0,0
SAR,14.0,HARD,14.0,2.0,15.0,81.219,0,0
SAR,15.0,HARD,15.0,2.0,14.0,81.34,0,0
SAR,16.0,HARD,16.0,2.0,14.0,80.646,0,0
SAR,17.0,HARD,17.0,2.0,14.0,81.016,0,0
SAR,18.0,HARD,18.0,2.0,14.0,81.031,0,0
SAR,19.0,HARD,19.0,2.0,14.0,81.221,0,0
SAR,20.0,HARD,20.0,2.0,14.0,80.853,0,0
SAR,21.0,HARD,21.0,2.0,14.0,80.849,0,0
SAR,22.0,HARD,22.0,2.0,14.0,80.897,0,0
SAR,23.0,HARD,23.0,2.0,14.0,80.593,0,0
SAR,24.0,HARD,24.0,2.0,14.0,80.395,0,0
SAR,25.0,HARD,25.0,2.0,14.0,80.903,0,0
SAR,26.0,HARD,26.0,2.0,14.0,80.929,0,0
SAR,27.0,HARD,27.0,2.0,14.0,81.231,0,0
SAR,28.0,HARD,28.0,2.0,14.0,81.604,0,0
SAR,29.0,HARD,29.0,2.0,14.0,81.334,0,0
SAR,30.0,HARD,30.0,2.0,14.0,80.84,0,0
SAR,31.0,HARD,31.0,2.0,14.0,80.775,0,0
SAR,32.0,HARD,32.0,2.0,14.0,80.797,0,0
SAR,33.0,HARD,33.0,2.0,14.0,80.53,0,0
SAR,34.0,HARD,34.0,2.0,14.0,80.738,0,0
SAR,35.0,HARD,35.0,2.0,14.0,80.584,0,0
SAR,36.0,HARD,36.0,2.0,14.0,81.134,0,0
SAR,37.0,HARD,37.0,2.0,14.0,81.404,0,0
SAR,38.0,HARD,38.0,2.0,14.0,81.131,0,0
SAR,39.0,HARD,39.0,2.0,14.0,81.273,0,0
SAR,40.0,HARD,40.0,2.0,14.0,81.78,0,0
SAR,41.0,HARD,41.0,2.0,14.0,84.378,0,0
SAR,42.0,HARD,42.0,2.0,14.0,81.87,0,0
SAR,43.0,HARD,43.0,2.0,14.0,80.552,0,0
SAR,44.0,HARD,44.0,2.0,14.0,79.511,0,0
SAR,45.0,HARD,45.0,2.0,14.0,80.72,0,0
SAR,46.0,HARD,46.0,2.0,14.0,80.124,0,0
SAR,47.0,HARD,47.0,2.0,14.0,79.888,0,0
SAR,48.0,HARD,48.0,2.0,13.0,80.97,0,0
SAR,49.0,HARD,49.0,2.0,13.0,83.966,0,0
SAR,50.0,HARD,50.0,2.0,13.0,80.292,0,0
SAR,51.0,HARD,51.0,2.0,14.0,81.817,0,0
SAR,52.0,HARD,52.0,2.0,14.0,80.78,0,0
SAR,53.0,HARD,53.0,2.0,14.0,81.318,0,0
SAR,54.0,HARD,54.0,2.0,14.0,82.289,0,0
SAR,55.0,HARD,55.0,2.0,14.0,80.342,0,0
SAR,56.0,HARD,56.0,2.0,15.0,81.474,0,0
SAR,57.0,HARD,57.0,2.0,16.0,97.746,0,1
SAR,58.0,MEDIUM,1.0,3.0,16.0,79.809,1,0
SAR,59.0,MEDIUM,2.0,3.0,16.0,75.594,0,0
SAR,60.0,MEDIUM,3.0,3.0,16.0,75.58,0,0
SAR,61.0,MEDIUM,4.0,3.0,16.0,75.558,0,0
SAR,62.0,MEDIUM,5.0,3.0,16.0,75.525,0,0
SAR,63.0,MEDIUM,6.0,3.0,16.0,75.688,0,0
SAR,64.0,MEDIUM,7.0,3.0,16.0,76.895,0,0
SAR,65.0,MEDIUM,8.0,3.0,16.0,79.869,0,0
SAR,66.0,MEDIUM,9.0,3.0,16.0,80.799,0,0
SAR,67.0,MEDIUM,10.0,3.0,16.0,80.347,0,0
SAR,68.0,MEDIUM,11.0,3.0,15.0,80.004,0,0
SAR,69.0,MEDIUM,12.0,3.0,15.0,76.077,0,0
SAR,70.0,MEDIUM,13.0,3.0,15.0,76.866,0,0
SAR,71.0,MEDIUM,14.0,3.0,15.0,76.326,0,0
SAR,72.0,MEDIUM,15.0,3.0,15.0,76.402,0,0
SAR,73.0,MEDIUM,16.0,3.0,15.0,76.37,0,0
SAR,74.0,MEDIUM,17.0,3.0,15.0,76.863,0,0
SAR,75.0,MEDIUM,18.0,3.0,15.0,76.324,0,0
SAR,76.0,MEDIUM,19.0,3.0,15.0,77.197,0,0
STR,2.0,MEDIUM,2.0,2.0,11.0,134.844,1,0
STR,3.0,MEDIUM,3.0,2.0,11.0,88.303,0,0
STR,4.0,MEDIUM,4.0,2.0,11.0,83.354,0,0
STR,5.0,MEDIUM,5.0,2.0,11.0,83.731,0,0
STR,6.0,MEDIUM,6.0,2.0,11.0,82.977,0,0
STR,7.0,MEDIUM,7.0,2.0,11.0,82.634,0,0
STR,8.0,MEDIUM,8.0,2.0,11.0,81.653,0,0
STR,9.0,MEDIUM,9.0,2.0,11.0,82.09,0,0
STR,10.0,MEDIUM,10.0,2.0,11.0,81.725,0,0
STR,11.0,MEDIUM,11.0,2.0,11.0,81.517,0,0
STR,12.0,MEDIUM,12.0,2.0,11.0,81.471,0,0
STR,13.0,MEDIUM,13.0,2.0,11.0,81.314,0,0
STR,14.0,MEDIUM,14.0,2.0,11.0,80.427,0,0
STR,15.0,MEDIUM,15.0,2.0,11.0,80.781,0,0
STR,16.0,MEDIUM,16.0,2.0,11.0,81.189,0,0
STR,17.0,MEDIUM,17.0,2.0,11.0,81.97,0,0
STR,18.0,MEDIUM,18.0,2.0,11.0,80.698,0,0
STR,19.0,MEDIUM,19.0,2.0,11.0,80.353,0,0
STR,20.0,MEDIUM,20.0,2.0,11.0,79.398,0,0
STR,21.0,MEDIUM,21.0,2.0,11.0,79.016,0,0
STR,22.0,MEDIUM,22.0,2.0,11.0,81.307,0,0
STR,23.0,MEDIUM,23.0,2.0,11.0,81.188,0,0
STR,24.0,MEDIUM,24.0,2.0,11.0,81.621,0,0
STR,25.0,MEDIUM,25.0,2.0,11.0,80.506,0,0
STR,26.0,MEDIUM,26.0,2.0,11.0,80.589,0,0
STR,27.0,MEDIUM,27.0,2.0,11.0,80.307,0,0
STR,28.0,MEDIUM,28.0,2.0,11.0,80.131,0,0
STR,29.0,MEDIUM,29.0,2.0,11.0,79.464,0,0
STR,30.0,MEDIUM,30.0,2.0,11.0,81.422,0,0
STR,31.0,MEDIUM,31.0,2.0,11.0,82.535,0,0
STR,32.0,MEDIUM,32.0,2.0,11.0,81.252,0,0
STR,33.0,MEDIUM,33.0,2.0,11.0,80.536,0,0
STR,34.0,MEDIUM,34.0,2.0,11.0,79.789,0,0
STR,35.0,MEDIUM,35.0,2.0,11.0,79.497,0,0
STR,36.0,MEDIUM,36.0,2.0,11.0,79.297,0,0
STR,37.0,MEDIUM,37.0,2.0,11.0,79.638,0,0
STR,38.0,MEDIUM,38.0,2.0,11.0,79.706,0,0
STR,39.0,MEDIUM,39.0,2.0,11.0,79.867,0,0
STR,40.0,MEDIUM,40.0,2.0,11.0,80.45,0,0
STR,41.0,MEDIUM,41.0,2.0,11.0,80.2,0,0
STR,42.0,MEDIUM,42.0,2.0,11.0,97.062,0,1
STR,43.0,HARD,3.0,3.0,11.0,82.775,1,0
STR,44.0,HARD,4.0,3.0,11.0,78.551,0,0
STR,45.0,HARD,5.0,3.0,11.0,78.806,0,0
STR,46.0,HARD,6.0,3.0,11.0,78.296,0,0
STR,47.0,HARD,7.0,3.0,11.0,78.062,0,0
STR,48.0,HARD,8.0,3.0,16.0,109.132,0,1
STR,49.0,SOFT,1.0,4.0,16.0,79.089,1,0
STR,50.0,SOFT,2.0,4.0,16.0,77.788,0,0
STR,51.0,SOFT,3.0,4.0,16.0,76.982,0,0
STR,52.0,SOFT,4.0,4.0,16.0,77.35,0,0
STR,53.0,SOFT,5.0,4.0,16.0,81.547,0,0
STR,54.0,SOFT,6.0,4.0,16.0,80.571,0,0
STR,55.0,SOFT,7.0,4.0,15.0,79.963,0,0
STR,56.0,SOFT,8.0,4.0,14.0,77.279,0,0
STR,57.0,SOFT,9.0,4.0,14.0,76.914,0,0
STR,58.0,SOFT,10.0,4.0,14.0,77.156,0,0
STR,59.0,SOFT,11.0,4.0,14.0,76.71,0,0
STR,60.0,SOFT,12.0,4.0,14.0,77.326,0,0
STR,61.0,SOFT,13.0,4.0,14.0,78.298,0,0
STR,62.0,SOFT,14.0,4.0,14.0,79.07,0,0
STR,63.0,SOFT,15.0,4.0,14.0,79.1,0,0
STR,64.0,SOFT,16.0,4.0,14.0,78.425,0,0
STR,65.0,SOFT,17.0,4.0,14.0,78.732,0,0
STR,66.0,SOFT,18.0,4.0,14.0,78.748,0,0
STR,67.0,SOFT,19.0,4.0,14.0,78.636,0,0
STR,68.0,SOFT,20.0,4.0,14.0,78.057,0,0
STR,69.0,SOFT,21.0,4.0,14.0,78.275,0,0
STR,70.0,SOFT,22.0,4.0,14.0,78.557,0,0
STR,71.0,SOFT,23.0,4.0,14.0,78.464,0,0
STR,72.0,SOFT,24.0,4.0,14.0,78.332,0,0
STR,73.0,SOFT,25.0,4.0,14.0,80.709,0,0
STR,74.0,SOFT,26.0,4.0,14.0,78.23,0,0
STR,75.0,SOFT,27.0,4.0,14.0,78.511,0,0
STR,76.0,SOFT,28.0,4.0,14.0,78.623,0,0
TSU,2.0,HARD,2.0,2.0,8.0,148.277,1,0
TSU,3.0,HARD,3.0,2.0,8.0,87.563,0,0
TSU,4.0,HARD,4.0,2.0,8.0,83.327,0,0
TSU,5.0,HARD,5.0,2.0,8.0,83.493,0,0
TSU,6.0,HARD,6.0,2.0,8.0,83.224,0,0
TSU,7.0,HARD,7.0,2.0,8.0,81.826,0,0
TSU,8.0,HARD,8.0,2.0,8.0,81.651,0,0
TSU,9.0,HARD,9.0,2.0,8.0,81.896,0,0
TSU,10.0,HARD,10.0,2.0,8.0,81.591,0,0
TSU,11.0,HARD,11.0,2.0,8.0,81.289,0,0
TSU,12.0,HARD,12.0,2.0,8.0,81.089,0,0
TSU,13.0,HARD,13.0,2.0,8.0,80.682,0,0
TSU,14.0,HARD,14.0,2.0,8.0,81.249,0,0
TSU,15.0,HARD,15.0,2.0,8.0,80.099,0,0
TSU,16.0,HARD,16.0,2.0,8.0,80.847,0,0
TSU,17.0,HARD,17.0,2.0,8.0,80.335,0,0
TSU,18.0,HARD,18.0,2.0,8.0,80.612,0,0
TSU,19.0,HARD,19.0,2.0,8.0,80.77,0,0
TSU,20.0,HARD,20.0,2.0,8.0,79.991,0,0
TSU,21.0,HARD,21.0,2.0,8.0,80.557,0,0
TSU,22.0,HARD,22.0,2.0,8.0,80.875,0,0
TSU,23.0,HARD,23.0,2.0,8.0,80.45,0,0
TSU,24.0,HARD,24.0,2.0,8.0,80.386,0,0
TSU,25.0,HARD,25.0,2.0,8.0,80.329,0,0
TSU,26.0,HARD,26.0,2.0,8.0,80.448,0,0
TSU,27.0,HARD,27.0,2.0,8.0,80.286,0,0
TSU,28.0,HARD,28.0,2.0,8.0,80.184,0,0
TSU,29.0,HARD,29.0,2.0,8.0,79.837,0,0
TSU,30.0,HARD,30.0,2.0,8.0,80.495,0,0
TSU,31.0,HARD,31.0,2.0,8.0,80.19,0,0
TSU,32.0,HARD,32.0,2.0,8.0,81.023,0,0
TSU,33.0,HARD,33.0,2.0,8.0,80.749,0,0
TSU,34.0,HARD,34.0,2.0,8.0,79.153,0,0
TSU,35.0,HARD,35.0,2.0,8.0,78.973,0,0
TSU,36.0,HARD,36.0,2.0,8.0,79.472,0,0
TSU,37.0,HARD,37.0,2.0,8.0,80.071,0,0
TSU,38.0,HARD,38.0,2.0,8.0,80.117,0,0
TSU,39.0,HARD,39.0,2.0,8.0,79.855,0,0
TSU,40.0,HARD,40.0,2.0,8.0,79.745,0,0
TSU,41.0,HARD,41.0,2.0,8.0,80.772,0,0
TSU,42.0,HARD,42.0,2.0,8.0,80.32,0,0
TSU,43.0,HARD,43.0,2.0,8.0,80.135,0,0
TSU,44.0,HARD,44.0,2.0,8.0,80.394,0,0
TSU,45.0,HARD,45.0,2.0,8.0,80.144,0,0
TSU,46.0,HARD,46.0,2.0,8.0,80.294,0,0
TSU,47.0,HARD,47.0,2.0,8.0,80.426,0,0
TSU,48.0,HARD,48.0,2.0,8.0,80.543,0,0
TSU,49.0,HARD,49.0,2.0,8.0,80.109,0,0
TSU,50.0,HARD,50.0,2.0,8.0,79.553,0,0
TSU,51.0,HARD,51.0,2.0,8.0,78.64,0,0
TSU,52.0,HARD,52.0,2.0,8.0,80.114,0,0
TSU,53.0,HARD,53.0,2.0,8.0,79.854,0,0
TSU,54.0,HARD,54.0,2.0,8.0,85.77,0,0
TSU,55.0,HARD,55.0,2.0,8.0,79.781,0,0
TSU,56.0,HARD,56.0,2.0,8.0,78.502,0,0
TSU,57.0,HARD,57.0,2.0,8.0,78.499,0,0
TSU,58.0,HARD,58.0,2.0,8.0,78.737,0,0
TSU,59.0,HARD,59.0,2.0,8.0,78.035,0,0
TSU,60.0,HARD,60.0,2.0,8.0,79.659,0,0
TSU,61.0,HARD,61.0,2.0,8.0,80.298,0,0
TSU,62.0,HARD,62.0,2.0,8.0,79.375,0,0
TSU,63.0,HARD,63.0,2.0,8.0,83.218,0,0
TSU,64.0,HARD,64.0,2.0,8.0,77.631,0,0
TSU,65.0,HARD,65.0,2.0,8.0,77.019,0,0
TSU,66.0,HARD,66.0,2.0,8.0,78.197,0,0
TSU,67.0,HARD,67.0,2.0,8.0,78.148,0,0
TSU,68.0,HARD,68.0,2.0,8.0,78.209,0,0
TSU,69.0,HARD,69.0,2.0,8.0,80.032,0,0
TSU,70.0,HARD,70.0,2.0,8.0,79.347,0,0
TSU,71.0,HARD,71.0,2.0,8.0,78.258,0,0
TSU,72.0,HARD,72.0,2.0,8.0,77.079,0,0
TSU,73.0,HARD,73.0,2.0,8.0,75.955,0,0
TSU,74.0,HARD,74.0,2.0,8.0,75.462,0,0
TSU,75.0,HARD,75.0,2.0,8.0,74.992,0,0
TSU,76.0,HARD,76.0,2.0,8.0,75.205,0,0
TSU,77.0,HARD,77.0,2.0,8.0,74.72,0,0
VER,3.0,MEDIUM,2.0,2.0,6.0,85.744,1,0
VER,4.0,MEDIUM,3.0,2.0,6.0,83.275,0,0
VER,5.0,MEDIUM,4.0,2.0,6.0,83.4,0,0
VER,6.0,MEDIUM,5.0,2.0,6.0,83.787,0,0
VER,7.0,MEDIUM,6.0,2.0,6.0,81.283,0,0
VER,8.0,MEDIUM,7.0,2.0,6.0,81.657,0,0
VER,9.0,MEDIUM,8.0,2.0,6.0,81.74,0,0
VER,10.0,MEDIUM,9.0,2.0,6.0,81.244,0,0
VER,11.0,MEDIUM,10.0,2.0,6.0,81.492,0,0
VER,12.0,MEDIUM,11.0,2.0,6.0,80.659,0,0
VER,13.0,MEDIUM,12.0,2.0,6.0,79.904,0,0
VER,14.0,MEDIUM,13.0,2.0,6.0,79.723,0,0
VER,15.0,MEDIUM,14.0,2.0,6.0,80.37,0,0
VER,16.0,MEDIUM,15.0,2.0,6.0,80.287,0,0
VER,17.0,MEDIUM,16.0,2.0,6.0,79.898,0,0
VER,18.0,MEDIUM,17.0,2.0,6.0,79.58,0,0
VER,19.0,MEDIUM,18.0,2.0,6.0,80.171,0,0
VER,20.0,MEDIUM,19.0,2.0,6.0,79.886,0,0
VER,21.0,MEDIUM,20.0,2.0,6.0,80.255,0,0
VER,22.0,MEDIUM,21.0,2.0,6.0,79.813,0,0
VER,23.0,MEDIUM,22.0,2.0,6.0,78.979,0,0
VER,24.0,MEDIUM,23.0,2.0,6.0,79.364,0,0
VER,25.0,MEDIUM,24.0,2.0,6.0,79.38,0,0
VER,26.0,MEDIUM,25.0,2.0,6.0,78.818,0,0
VER,27.0,MEDIUM,26.0,2.0,6.0,78.797,0,0
VER,28.0,MEDIUM,27.0,2.0,6.0,78.682,0,0
VER,29.0,MEDIUM,28.0,2.0,6.0,78.795,0,0
VER,30.0,MEDIUM,29.0,2.0,6.0,78.574,0,0
VER,31.0,MEDIUM,30.0,2.0,6.0,78.564,0,0
VER,32.0,MEDIUM,31.0,2.0,6.0,78.983,0,0
VER,33.0,MEDIUM,32.0,2.0,6.0,79.005,0,0
VER,34.0,MEDIUM,33.0,2.0,6.0,79.594,0,0
VER,35.0,MEDIUM,34.0,2.0,6.0,80.207,0,0
VER,36.0,MEDIUM,35.0,2.0,6.0,79.634,0,0
VER,37.0,MEDIUM,36.0,2.0,6.0,79.429,0,0
VER,38.0,MEDIUM,37.0,2.0,6.0,78.844,0,0
VER,39.0,MEDIUM,38.0,2.0,6.0,78.326,0,0
VER,40.0,MEDIUM,39.0,2.0,6.0,78.409,0,0
VER,41.0,MEDIUM,40.0,2.0,6.0,78.083,0,0
VER,42.0,MEDIUM,41.0,2.0,6.0,78.074,0,0
VER,43.0,MEDIUM,42.0,2.0,6.0,78.358,0,0
VER,44.0,MEDIUM,43.0,2.0,6.0,78.405,0,0
VER,45.0,MEDIUM,44.0,2.0,6.0,78.313,0,0
VER,46.0,MEDIUM,45.0,2.0,6.0,78.203,0,0
VER,47.0,MEDIUM,46.0,2.0,6.0,78.537,0,0
VER,48.0,MEDIUM,47.0,2.0,6.0,78.337,0,0
VER,49.0,MEDIUM,48.0,2.0,6.0,78.477,0,0
VER,50.0,MEDIUM,49.0,2.0,6.0,78.88,0,0
VER,51.0,MEDIUM,50.0,2.0,6.0,78.142,0,0
VER,52.0,MEDIUM,51.0,2.0,6.0,93.905,0,1
VER,53.0,HARD,2.0,3.0,6.0,78.724,1,0
VER,54.0,HARD,3.0,3.0,6.0,75.815,0,0
VER,55.0,HARD,4.0,3.0,6.0,75.398,0,0
VER,56.0,HARD,5.0,3.0,6.0,75.466,0,0
VER,57.0,HARD,6.0,3.0,6.0,76.181,0,0
VER,58.0,HARD,7.0,3.0,6.0,74.569,0,0
VER,59.0,HARD,8.0,3.0,6.0,74.748,0,0
VER,60.0,HARD,9.0,3.0,6.0,75.238,0,0
VER,61.0,HARD,10.0,3.0,6.0,75.121,0,0
VER,62.0,HARD,11.0,3.0,6.0,76.561,0,0
VER,63.0,HARD,12.0,3.0,6.0,76.547,0,0
VER,64.0,HARD,13.0,3.0,6.0,76.619,0,0
VER,65.0,HARD,14.0,3.0,6.0,75.468,0,0
VER,66.0,HARD,15.0,3.0,6.0,76.121,0,0
VER,67.0,HARD,16.0,3.0,6.0,76.276,0,0
VER,68.0,HARD,17.0,3.0,6.0,75.954,0,0
VER,69.0,HARD,18.0,3.0,6.0,75.463,0,0
VER,70.0,HARD,19.0,3.0,6.0,75.449,0,0
VER,71.0,HARD,20.0,3.0,6.0,75.659,0,0
VER,72.0,HARD,21.0,3.0,6.0,75.733,0,0
VER,73.0,HARD,22.0,3.0,6.0,75.436,0,0
VER,74.0,HARD,23.0,3.0,6.0,75.38,0,0
VER,75.0,HARD,24.0,3.0,6.0,75.396,0,0
VER,76.0,HARD,25.0,3.0,6.0,75.641,0,0
VER,77.0,HARD,26.0,3.0,6.0,75.543,0,0
VER,78.0,HARD,27.0,3.0,6.0,76.248,0,0
ZHO,2.0,HARD,1.0,2.0,16.0,112.131,1,0
ZHO,3.0,HARD,2.0,2.0,16.0,90.396,0,0
ZHO,4.0,HARD,3.0,2.0,16.0,83.698,0,0
ZHO,5.0,HARD,4.0,2.0,16.0,83.494,0,0
ZHO,6.0,HARD,5.0,2.0,16.0,82.649,0,0
ZHO,7.0,HARD,6.0,2.0,16.0,82.934,0,0
ZHO,8.0,HARD,7.0,2.0,16.0,82.182,0,0
ZHO,9.0,HARD,8.0,2.0,16.0,81.81,0,0
ZHO,10.0,HARD,9.0,2.0,16.0,81.944,0,0
ZHO,11.0,HARD,10.0,2.0,16.0,81.563,0,0
ZHO,12.0,HARD,11.0,2.0,16.0,81.193,0,0
ZHO,13.0,HARD,12.0,2.0,16.0,81.529,0,0
ZHO,14.0,HARD,13.0,2.0,16.0,81.264,0,0
ZHO,15.0,HARD,14.0,2.0,15.0,81.447,0,0
ZHO,16.0,HARD,15.0,2.0,15.0,80.481,0,0
ZHO,17.0,HARD,16.0,2.0,15.0,80.979,0,0
ZHO,18.0,HARD,17.0,2.0,15.0,80.911,0,0
ZHO,19.0,HARD,18.0,2.0,15.0,81.42,0,0
ZHO,20.0,HARD,19.0,2.0,15.0,80.904,0,0
ZHO,21.0,HARD,20.0,2.0,15.0,80.669,0,0
ZHO,22.0,HARD,21.0,2.0,15.0,81.083,0,0
ZHO,23.0,HARD,22.0,2.0,15.0,80.792,0,0
ZHO,24.0,HARD,23.0,2.0,15.0,80.347,0,0
ZHO,25.0,HARD,24.0,2.0,15.0,80.763,0,0
ZHO,26.0,HARD,25.0,2.0,15.0,80.869,0,0
ZHO,27.0,HARD,26.0,2.0,15.0,81.293,0,0
ZHO,28.0,HARD,27.0,2.0,15.0,81.516,0,0
ZHO,29.0,HARD,28.0,2.0,15.0,81.338,0,0
ZHO,30.0,HARD,29.0,2.0,15.0,81.044,0,0
ZHO,31.0,HARD,30.0,2.0,15.0,80.806,0,0
ZHO,32.0,HARD,31.0,2.0,15.0,80.782,0,0
ZHO,33.0,HARD,32.0,2.0,15.0,80.677,0,0
ZHO,34.0,HARD,33.0,2.0,15.0,80.736,0,0
ZHO,35.0,HARD,34.0,2.0,15.0,80.372,0,0
ZHO,36.0,HARD,35.0,2.0,15.0,80.986,0,0
ZHO,37.0,HARD,36.0,2.0,15.0,81.449,0,0
ZHO,38.0,HARD,37.0,2.0,15.0,81.09,0,0
ZHO,39.0,HARD,38.0,2.0,15.0,81.233,0,0
ZHO,40.0,HARD,39.0,2.0,15.0,84.969,0,0
ZHO,41.0,HARD,40.0,2.0,15.0,81.127,0,0
ZHO,42.0,HARD,41.0,2.0,15.0,81.957,0,0
ZHO,43.0,HARD,42.0,2.0,15.0,80.578,0,0
ZHO,44.0,HARD,43.0,2.0,15.0,79.61,0,0
ZHO,45.0,HARD,44.0,2.0,15.0,80.686,0,0
ZHO,46.0,HARD,45.0,2.0,15.0,80.146,0,0
ZHO,47.0,HARD,46.0,2.0,15.0,80.075,0,0
ZHO,48.0,HARD,47.0,2.0,14.0,82.481,0,0
ZHO,49.0,HARD,48.0,2.0,14.0,82.134,0,0
ZHO,50.0,HARD,49.0,2.0,15.0,80.946,0,0
ZHO,51.0,HARD,50.0,2.0,15.0,80.962,0,0
ZHO,52.0,HARD,51.0,2.0,15.0,80.97,0,0
ZHO,53.0,HARD,52.0,2.0,15.0,81.375,0,0
ZHO,54.0,HARD,53.0,2.0,15.0,82.153,0,0
ZHO,55.0,HARD,54.0,2.0,16.0,81.399,0,0
ZHO,56.0,HARD,55.0,2.0,16.0,80.315,0,0
ZHO,57.0,HARD,56.0,2.0,15.0,81.119,0,0
ZHO,58.0,HARD,57.0,2.0,15.0,78.795,0,0
ZHO,59.0,HARD,58.0,2.0,15.0,77.936,0,0
ZHO,60.0,HARD,59.0,2.0,15.0,78.545,0,0
ZHO,61.0,HARD,60.0,2.0,15.0,78.707,0,0
ZHO,62.0,HARD,61.0,2.0,15.0,78.817,0,0
ZHO,63.0,HARD,62.0,2.0,15.0,78.789,0,0
ZHO,64.0,HARD,63.0,2.0,15.0,79.295,0,0
ZHO,65.0,HARD,64.0,2.0,15.0,79.719,0,0
ZHO,66.0,HARD,65.0,2.0,15.0,79.749,0,0
ZHO,67.0,HARD,66.0,2.0,15.0,80.357,0,0
ZHO,68.0,HARD,67.0,2.0,16.0,85.217,0,0
ZHO,69.0,HARD,68.0,2.0,16.0,80.484,0,0
ZHO,70.0,HARD,69.0,2.0,16.0,100.898,0,1
ZHO,71.0,SOFT,1.0,3.0,16.0,85.295,1,0
ZHO,72.0,SOFT,2.0,3.0,16.0,80.585,0,0
ZHO,73.0,SOFT,3.0,3.0,16.0,75.233,0,0
ZHO,74.0,SOFT,4.0,3.0,16.0,80.473,0,0
ZHO,75.0,SOFT,5.0,3.0,16.0,74.718,0,0
ZHO,76.0,SOFT,6.0,3.0,16.0,77.173,0,0
