Driver,LapNumber,LapTime,Compound,TyreLife,Stint,Position
LEC,1.0,0 days 00:40:56.330000,MEDIUM,1.0,1.0,1.0
LEC,2.0,,HARD,1.0,2.0,1.0
LEC,3.0,0 days 00:01:24.624000,HARD,2.0,2.0,1.0
LEC,4.0,0 days 00:01:22.625000,HARD,3.0,2.0,1.0
LEC,5.0,0 days 00:01:21.795000,HARD,4.0,2.0,1.0
LEC,6.0,0 days 00:01:21.145000,HARD,5.0,2.0,1.0
LEC,7.0,0 days 00:01:20.980000,HARD,6.0,2.0,1.0
LEC,8.0,0 days 00:01:21.030000,HARD,7.0,2.0,1.0
LEC,9.0,0 days 00:01:20.114000,HARD,8.0,2.0,1.0
LEC,10.0,0 days 00:01:20.775000,HARD,9.0,2.0,1.0
LEC,11.0,0 days 00:01:21.046000,HARD,10.0,2.0,1.0
LEC,12.0,0 days 00:01:20.252000,HARD,11.0,2.0,1.0
LEC,13.0,0 days 00:01:19.017000,HARD,12.0,2.0,1.0
LEC,14.0,0 days 00:01:19.913000,HARD,13.0,2.0,1.0
LEC,15.0,0 days 00:01:19.838000,HARD,14.0,2.0,1.0
LEC,16.0,0 days 00:01:20.156000,HARD,15.0,2.0,1.0
LEC,17.0,0 days 00:01:20.279000,HARD,16.0,2.0,1.0
LEC,18.0,0 days 00:01:19.580000,HARD,17.0,2.0,1.0
LEC,19.0,0 days 00:01:18.842000,HARD,18.0,2.0,1.0
LEC,20.0,0 days 00:01:18.724000,HARD,19.0,2.0,1.0
LEC,21.0,0 days 00:01:18.472000,HARD,20.0,2.0,1.0
LEC,22.0,0 days 00:01:18.620000,HARD,21.0,2.0,1.0
LEC,23.0,0 days 00:01:18.458000,HARD,22.0,2.0,1.0
LEC,24.0,0 days 00:01:18.725000,HARD,23.0,2.0,1.0
LEC,25.0,0 days 00:01:18.973000,HARD,24.0,2.0,1.0
LEC,26.0,0 days 00:01:18.445000,HARD,25.0,2.0,1.0
LEC,27.0,0 days 00:01:18.351000,HARD,26.0,2.0,1.0
LEC,28.0,0 days 00:01:18.710000,HARD,27.0,2.0,1.0
LEC,29.0,0 days 00:01:19.053000,HARD,28.0,2.0,1.0
LEC,30.0,0 days 00:01:19.935000,HARD,29.0,2.0,1.0
LEC,31.0,0 days 00:01:18.393000,HARD,30.0,2.0,1.0
LEC,32.0,0 days 00:01:19.125000,HARD,31.0,2.0,1.0
LEC,33.0,0 days 00:01:18.494000,HARD,32.0,2.0,1.0
LEC,34.0,0 days 00:01:19.319000,HARD,33.0,2.0,1.0
LEC,35.0,0 days 00:01:18.530000,HARD,34.0,2.0,1.0
LEC,36.0,0 days 00:01:18.689000,HARD,35.0,2.0,1.0
LEC,37.0,0 days 00:01:18.925000,HARD,36.0,2.0,1.0
LEC,38.0,0 days 00:01:18.528000,HARD,37.0,2.0,1.0
LEC,39.0,0 days 00:01:18.181000,HARD,38.0,2.0,1.0
LEC,40.0,0 days 00:01:18.733000,HARD,39.0,2.0,1.0
LEC,41.0,0 days 00:01:18.694000,HARD,40.0,2.0,1.0
LEC,42.0,0 days 00:01:19.277000,HARD,41.0,2.0,1.0
LEC,43.0,0 days 00:01:17.865000,HARD,42.0,2.0,1.0
LEC,44.0,0 days 00:01:18.276000,HARD,43.0,2.0,1.0
LEC,45.0,0 days 00:01:18.541000,HARD,44.0,2.0,1.0
LEC,46.0,0 days 00:01:18.567000,HARD,45.0,2.0,1.0
LEC,47.0,0 days 00:01:19.185000,HARD,46.0,2.0,1.0
LEC,48.0,0 days 00:01:17.941000,HARD,47.0,2.0,1.0
LEC,49.0,0 days 00:01:18.506000,HARD,48.0,2.0,1.0
LEC,50.0,0 days 00:01:18.185000,HARD,49.0,2.0,1.0
LEC,51.0,0 days 00:01:17.790000,HARD,50.0,2.0,1.0
LEC,52.0,0 days 00:01:18.311000,HARD,51.0,2.0,1.0
LEC,53.0,0 days 00:01:17.748000,HARD,52.0,2.0,1.0
LEC,54.0,0 days 00:01:17.357000,HARD,53.0,2.0,1.0
LEC,55.0,0 days 00:01:17.444000,HARD,54.0,2.0,1.0
LEC,56.0,0 days 00:01:17.266000,HARD,55.0,2.0,1.0
LEC,57.0,0 days 00:01:17.640000,HARD,56.0,2.0,1.0
LEC,58.0,0 days 00:01:17.028000,HARD,57.0,2.0,1.0
LEC,59.0,0 days 00:01:17.034000,HARD,58.0,2.0,1.0
LEC,60.0,0 days 00:01:16.414000,HARD,59.0,2.0,1.0
LEC,61.0,0 days 00:01:16.863000,HARD,60.0,2.0,1.0
LEC,62.0,0 days 00:01:17.454000,HARD,61.0,2.0,1.0
LEC,63.0,0 days 00:01:16.971000,HARD,62.0,2.0,1.0
LEC,64.0,0 days 00:01:16.560000,HARD,63.0,2.0,1.0
LEC,65.0,0 days 00:01:16.607000,HARD,64.0,2.0,1.0
LEC,66.0,0 days 00:01:16.489000,HARD,65.0,2.0,1.0
LEC,67.0,0 days 00:01:15.941000,HARD,66.0,2.0,1.0
LEC,68.0,0 days 00:01:16.082000,HARD,67.0,2.0,1.0
LEC,69.0,0 days 00:01:16.373000,HARD,68.0,2.0,1.0
LEC,70.0,0 days 00:01:15.767000,HARD,69.0,2.0,1.0
LEC,71.0,0 days 00:01:15.162000,HARD,70.0,2.0,1.0
LEC,72.0,0 days 00:01:15.547000,HARD,71.0,2.0,1.0
LEC,73.0,0 days 00:01:16.219000,HARD,72.0,2.0,1.0
LEC,74.0,0 days 00:01:16.105000,HARD,73.0,2.0,1.0
LEC,75.0,0 days 00:01:16.387000,HARD,74.0,2.0,1.0
LEC,76.0,0 days 00:01:16.808000,HARD,75.0,2.0,1.0
LEC,77.0,0 days 00:01:16.933000,HARD,76.0,2.0,1.0
LEC,78.0,0 days 00:01:18.636000,HARD,77.0,2.0,1.0
PIA,1.0,0 days 00:40:58.744000,MEDIUM,2.0,1.0,2.0
PIA,2.0,,HARD,2.0,2.0,2.0
PIA,3.0,0 days 00:01:24.953000,HARD,3.0,2.0,2.0
PIA,4.0,0 days 00:01:22.314000,HARD,4.0,2.0,2.0
PIA,5.0,0 days 00:01:22.019000,HARD,5.0,2.0,2.0
PIA,6.0,0 days 00:01:21.354000,HARD,6.0,2.0,2.0
PIA,7.0,0 days 00:01:20.808000,HARD,7.0,2.0,2.0
PIA,8.0,0 days 00:01:21.058000,HARD,8.0,2.0,2.0
PIA,9.0,0 days 00:01:19.906000,HARD,9.0,2.0,2.0
PIA,10.0,0 days 00:01:20.890000,HARD,10.0,2.0,2.0
PIA,11.0,0 days 00:01:20.898000,HARD,11.0,2.0,2.0
PIA,12.0,0 days 00:01:20.135000,HARD,12.0,2.0,2.0
PIA,13.0,0 days 00:01:18.745000,HARD,13.0,2.0,2.0
PIA,14.0,0 days 00:01:20.014000,HARD,14.0,2.0,2.0
PIA,15.0,0 days 00:01:20.264000,HARD,15.0,2.0,2.0
PIA,16.0,0 days 00:01:19.829000,HARD,16.0,2.0,2.0
PIA,17.0,0 days 00:01:20.028000,HARD,17.0,2.0,2.0
PIA,18.0,0 days 00:01:19.832000,HARD,18.0,2.0,2.0
PIA,19.0,0 days 00:01:19.179000,HARD,19.0,2.0,2.0
PIA,20.0,0 days 00:01:19.055000,HARD,20.0,2.0,2.0
PIA,21.0,0 days 00:01:18.601000,HARD,21.0,2.0,2.0
PIA,22.0,0 days 00:01:18.585000,HARD,22.0,2.0,2.0
PIA,23.0,0 days 00:01:18.658000,HARD,23.0,2.0,2.0
PIA,24.0,0 days 00:01:18.636000,HARD,24.0,2.0,2.0
PIA,25.0,0 days 00:01:18.784000,HARD,25.0,2.0,2.0
PIA,26.0,0 days 00:01:18.440000,HARD,26.0,2.0,2.0
PIA,27.0,0 days 00:01:18.523000,HARD,27.0,2.0,2.0
PIA,28.0,0 days 00:01:18.791000,HARD,28.0,2.0,2.0
PIA,29.0,0 days 00:01:19.010000,HARD,29.0,2.0,2.0
PIA,30.0,0 days 00:01:19.396000,HARD,30.0,2.0,2.0
PIA,31.0,0 days 00:01:18.449000,HARD,31.0,2.0,2.0
PIA,32.0,0 days 00:01:18.969000,HARD,32.0,2.0,2.0
PIA,33.0,0 days 00:01:19.060000,HARD,33.0,2.0,2.0
PIA,34.0,0 days 00:01:18.978000,HARD,34.0,2.0,2.0
PIA,35.0,0 days 00:01:18.605000,HARD,35.0,2.0,2.0
PIA,36.0,0 days 00:01:18.882000,HARD,36.0,2.0,2.0
PIA,37.0,0 days 00:01:18.612000,HARD,37.0,2.0,2.0
PIA,38.0,0 days 00:01:18.731000,HARD,38.0,2.0,2.0
PIA,39.0,0 days 00:01:18.362000,HARD,39.0,2.0,2.0
PIA,40.0,0 days 00:01:18.951000,HARD,40.0,2.0,2.0
PIA,41.0,0 days 00:01:18.846000,HARD,41.0,2.0,2.0
PIA,42.0,0 days 00:01:19.795000,HARD,42.0,2.0,2.0
PIA,43.0,0 days 00:01:18.198000,HARD,43.0,2.0,2.0
PIA,44.0,0 days 00:01:18.277000,HARD,44.0,2.0,2.0
PIA,45.0,0 days 00:01:18.082000,HARD,45.0,2.0,2.0
PIA,46.0,0 days 00:01:18.623000,HARD,46.0,2.0,2.0
PIA,47.0,0 days 00:01:18.399000,HARD,47.0,2.0,2.0
PIA,48.0,0 days 00:01:18.395000,HARD,48.0,2.0,2.0
PIA,49.0,0 days 00:01:18.136000,HARD,49.0,2.0,2.0
PIA,50.0,0 days 00:01:18.350000,HARD,50.0,2.0,2.0
PIA,51.0,0 days 00:01:17.909000,HARD,51.0,2.0,2.0
PIA,52.0,0 days 00:01:18.214000,HARD,52.0,2.0,2.0
PIA,53.0,0 days 00:01:17.609000,HARD,53.0,2.0,2.0
PIA,54.0,0 days 00:01:17.362000,HARD,54.0,2.0,2.0
PIA,55.0,0 days 00:01:17.445000,HARD,55.0,2.0,2.0
PIA,56.0,0 days 00:01:17.456000,HARD,56.0,2.0,2.0
PIA,57.0,0 days 00:01:17.300000,HARD,57.0,2.0,2.0
PIA,58.0,0 days 00:01:17.344000,HARD,58.0,2.0,2.0
PIA,59.0,0 days 00:01:17.042000,HARD,59.0,2.0,2.0
PIA,60.0,0 days 00:01:16.617000,HARD,60.0,2.0,2.0
PIA,61.0,0 days 00:01:16.771000,HARD,61.0,2.0,2.0
PIA,62.0,0 days 00:01:17.095000,HARD,62.0,2.0,2.0
PIA,63.0,0 days 00:01:16.921000,HARD,63.0,2.0,2.0
PIA,64.0,0 days 00:01:16.909000,HARD,64.0,2.0,2.0
PIA,65.0,0 days 00:01:16.391000,HARD,65.0,2.0,2.0
PIA,66.0,0 days 00:01:16.640000,HARD,66.0,2.0,2.0
PIA,67.0,0 days 00:01:16.596000,HARD,67.0,2.0,2.0
PIA,68.0,0 days 00:01:16.601000,HARD,68.0,2.0,2.0
PIA,69.0,0 days 00:01:17.371000,HARD,69.0,2.0,2.0
PIA,70.0,0 days 00:01:17.270000,HARD,70.0,2.0,2.0
PIA,71.0,0 days 00:01:17.184000,HARD,71.0,2.0,2.0
PIA,72.0,0 days 00:01:16.652000,HARD,72.0,2.0,2.0
PIA,73.0,0 days 00:01:16.281000,HARD,73.0,2.0,2.0
PIA,74.0,0 days 00:01:16.356000,HARD,74.0,2.0,2.0
PIA,75.0,0 days 00:01:16.644000,HARD,75.0,2.0,2.0
PIA,76.0,0 days 00:01:16.590000,HARD,76.0,2.0,2.0
PIA,77.0,0 days 00:01:16.734000,HARD,77.0,2.0,2.0
PIA,78.0,0 days 00:01:17.126000,HARD,78.0,2.0,2.0
SAI,1.0,0 days 00:41:02.721000,MEDIUM,1.0,1.0,3.0
SAI,2.0,,HARD,1.0,2.0,3.0
SAI,3.0,0 days 00:01:25.012000,HARD,2.0,2.0,3.0
SAI,4.0,0 days 00:01:22.358000,HARD,3.0,2.0,3.0
SAI,5.0,0 days 00:01:21.978000,HARD,4.0,2.0,3.0
SAI,6.0,0 days 00:01:21.163000,HARD,5.0,2.0,3.0
SAI,7.0,0 days 00:01:21.466000,HARD,6.0,2.0,3.0
SAI,8.0,0 days 00:01:20.272000,HARD,7.0,2.0,3.0
SAI,9.0,0 days 00:01:20.525000,HARD,8.0,2.0,3.0
SAI,10.0,0 days 00:01:21.259000,HARD,9.0,2.0,3.0
SAI,11.0,0 days 00:01:20.246000,HARD,10.0,2.0,3.0
SAI,12.0,0 days 00:01:19.974000,HARD,11.0,2.0,3.0
SAI,13.0,0 days 00:01:20.017000,HARD,12.0,2.0,3.0
SAI,14.0,0 days 00:01:19.480000,HARD,13.0,2.0,3.0
SAI,15.0,0 days 00:01:19.543000,HARD,14.0,2.0,3.0
SAI,16.0,0 days 00:01:20.579000,HARD,15.0,2.0,3.0
SAI,17.0,0 days 00:01:20.076000,HARD,16.0,2.0,3.0
SAI,18.0,0 days 00:01:19.177000,HARD,17.0,2.0,3.0
SAI,19.0,0 days 00:01:19.445000,HARD,18.0,2.0,3.0
SAI,20.0,0 days 00:01:19.403000,HARD,19.0,2.0,3.0
SAI,21.0,0 days 00:01:18.917000,HARD,20.0,2.0,3.0
SAI,22.0,0 days 00:01:18.889000,HARD,21.0,2.0,3.0
SAI,23.0,0 days 00:01:18.993000,HARD,22.0,2.0,3.0
SAI,24.0,0 days 00:01:18.568000,HARD,23.0,2.0,3.0
SAI,25.0,0 days 00:01:18.537000,HARD,24.0,2.0,3.0
SAI,26.0,0 days 00:01:18.088000,HARD,25.0,2.0,3.0
SAI,27.0,0 days 00:01:19.490000,HARD,26.0,2.0,3.0
SAI,28.0,0 days 00:01:19.281000,HARD,27.0,2.0,3.0
SAI,29.0,0 days 00:01:18.697000,HARD,28.0,2.0,3.0
SAI,30.0,0 days 00:01:17.326000,HARD,29.0,2.0,3.0
SAI,31.0,0 days 00:01:19.784000,HARD,30.0,2.0,3.0
SAI,32.0,0 days 00:01:20.136000,HARD,31.0,2.0,3.0
SAI,33.0,0 days 00:01:18.778000,HARD,32.0,2.0,3.0
SAI,34.0,0 days 00:01:19.013000,HARD,33.0,2.0,3.0
SAI,35.0,0 days 00:01:18.465000,HARD,34.0,2.0,3.0
SAI,36.0,0 days 00:01:19.275000,HARD,35.0,2.0,3.0
SAI,37.0,0 days 00:01:17.577000,HARD,36.0,2.0,3.0
SAI,38.0,0 days 00:01:18.412000,HARD,37.0,2.0,3.0
SAI,39.0,0 days 00:01:18.310000,HARD,38.0,2.0,3.0
SAI,40.0,0 days 00:01:18.653000,HARD,39.0,2.0,3.0
SAI,41.0,0 days 00:01:18.714000,HARD,40.0,2.0,3.0
SAI,42.0,0 days 00:01:19.171000,HARD,41.0,2.0,3.0
SAI,43.0,0 days 00:01:19.594000,HARD,42.0,2.0,3.0
SAI,44.0,0 days 00:01:18.762000,HARD,43.0,2.0,3.0
SAI,45.0,0 days 00:01:17.885000,HARD,44.0,2.0,3.0
SAI,46.0,0 days 00:01:18.731000,HARD,45.0,2.0,3.0
SAI,47.0,0 days 00:01:18.141000,HARD,46.0,2.0,3.0
SAI,48.0,0 days 00:01:17.894000,HARD,47.0,2.0,3.0
SAI,49.0,0 days 00:01:18.259000,HARD,48.0,2.0,3.0
SAI,50.0,0 days 00:01:18.545000,HARD,49.0,2.0,3.0
SAI,51.0,0 days 00:01:17.528000,HARD,50.0,2.0,3.0
SAI,52.0,0 days 00:01:18.094000,HARD,51.0,2.0,3.0
SAI,53.0,0 days 00:01:17.759000,HARD,52.0,2.0,3.0
SAI,54.0,0 days 00:01:17.742000,HARD,53.0,2.0,3.0
SAI,55.0,0 days 00:01:18.661000,HARD,54.0,2.0,3.0
SAI,56.0,0 days 00:01:18.119000,HARD,55.0,2.0,3.0
SAI,57.0,0 days 00:01:17.599000,HARD,56.0,2.0,3.0
SAI,58.0,0 days 00:01:17.501000,HARD,57.0,2.0,3.0
SAI,59.0,0 days 00:01:17.134000,HARD,58.0,2.0,3.0
SAI,60.0,0 days 00:01:15.159000,HARD,59.0,2.0,3.0
SAI,61.0,0 days 00:01:19.046000,HARD,60.0,2.0,3.0
SAI,62.0,0 days 00:01:14.726000,HARD,61.0,2.0,3.0
SAI,63.0,0 days 00:01:18.207000,HARD,62.0,2.0,3.0
SAI,64.0,0 days 00:01:14.813000,HARD,63.0,2.0,3.0
SAI,65.0,0 days 00:01:18.137000,HARD,64.0,2.0,3.0
SAI,66.0,0 days 00:01:15.409000,HARD,65.0,2.0,3.0
SAI,67.0,0 days 00:01:16.847000,HARD,66.0,2.0,3.0
SAI,68.0,0 days 00:01:15.595000,HARD,67.0,2.0,3.0
SAI,69.0,0 days 00:01:16.218000,HARD,68.0,2.0,3.0
SAI,70.0,0 days 00:01:17.117000,HARD,69.0,2.0,3.0
SAI,71.0,0 days 00:01:17.214000,HARD,70.0,2.0,3.0
SAI,72.0,0 days 00:01:16.785000,HARD,71.0,2.0,3.0
SAI,73.0,0 days 00:01:16.417000,HARD,72.0,2.0,3.0
SAI,74.0,0 days 00:01:16.063000,HARD,73.0,2.0,3.0
SAI,75.0,0 days 00:01:16.905000,HARD,74.0,2.0,3.0
SAI,76.0,0 days 00:01:16.328000,HARD,75.0,2.0,3.0
SAI,77.0,0 days 00:01:16.701000,HARD,76.0,2.0,3.0
SAI,78.0,0 days 00:01:17.072000,HARD,77.0,2.0,3.0
NOR,1.0,0 days 00:41:08.042000,MEDIUM,2.0,1.0,4.0
NOR,2.0,,HARD,2.0,2.0,4.0
NOR,3.0,0 days 00:01:25.283000,HARD,3.0,2.0,4.0
NOR,4.0,0 days 00:01:22.782000,HARD,4.0,2.0,4.0
NOR,5.0,0 days 00:01:22.147000,HARD,5.0,2.0,4.0
NOR,6.0,0 days 00:01:21.804000,HARD,6.0,2.0,4.0
NOR,7.0,0 days 00:01:20.828000,HARD,7.0,2.0,4.0
NOR,8.0,0 days 00:01:20.820000,HARD,8.0,2.0,4.0
NOR,9.0,0 days 00:01:20.397000,HARD,9.0,2.0,4.0
NOR,10.0,0 days 00:01:20.972000,HARD,10.0,2.0,4.0
NOR,11.0,0 days 00:01:20.870000,HARD,11.0,2.0,4.0
NOR,12.0,0 days 00:01:19.933000,HARD,12.0,2.0,4.0
NOR,13.0,0 days 00:01:19.820000,HARD,13.0,2.0,4.0
NOR,14.0,0 days 00:01:19.385000,HARD,14.0,2.0,4.0
NOR,15.0,0 days 00:01:19.775000,HARD,15.0,2.0,4.0
NOR,16.0,0 days 00:01:19.637000,HARD,16.0,2.0,4.0
NOR,17.0,0 days 00:01:20.337000,HARD,17.0,2.0,4.0
NOR,18.0,0 days 00:01:19.398000,HARD,18.0,2.0,4.0
NOR,19.0,0 days 00:01:19.280000,HARD,19.0,2.0,4.0
NOR,20.0,0 days 00:01:19.043000,HARD,20.0,2.0,4.0
NOR,21.0,0 days 00:01:18.983000,HARD,21.0,2.0,4.0
NOR,22.0,0 days 00:01:18.981000,HARD,22.0,2.0,4.0
NOR,23.0,0 days 00:01:19.194000,HARD,23.0,2.0,4.0
NOR,24.0,0 days 00:01:18.699000,HARD,24.0,2.0,4.0
NOR,25.0,0 days 00:01:18.640000,HARD,25.0,2.0,4.0
NOR,26.0,0 days 00:01:18.396000,HARD,26.0,2.0,4.0
NOR,27.0,0 days 00:01:18.720000,HARD,27.0,2.0,4.0
NOR,28.0,0 days 00:01:19.238000,HARD,28.0,2.0,4.0
NOR,29.0,0 days 00:01:18.766000,HARD,29.0,2.0,4.0
NOR,30.0,0 days 00:01:18.403000,HARD,30.0,2.0,4.0
NOR,31.0,0 days 00:01:18.780000,HARD,31.0,2.0,4.0
NOR,32.0,0 days 00:01:19.538000,HARD,32.0,2.0,4.0
NOR,33.0,0 days 00:01:19.233000,HARD,33.0,2.0,4.0
NOR,34.0,0 days 00:01:19.243000,HARD,34.0,2.0,4.0
NOR,35.0,0 days 00:01:18.714000,HARD,35.0,2.0,4.0
NOR,36.0,0 days 00:01:18.582000,HARD,36.0,2.0,4.0
NOR,37.0,0 days 00:01:17.958000,HARD,37.0,2.0,4.0
NOR,38.0,0 days 00:01:17.994000,HARD,38.0,2.0,4.0
NOR,39.0,0 days 00:01:18.303000,HARD,39.0,2.0,4.0
NOR,40.0,0 days 00:01:18.824000,HARD,40.0,2.0,4.0
NOR,41.0,0 days 00:01:18.519000,HARD,41.0,2.0,4.0
NOR,42.0,0 days 00:01:19.436000,HARD,42.0,2.0,4.0
NOR,43.0,0 days 00:01:19.796000,HARD,43.0,2.0,4.0
NOR,44.0,0 days 00:01:18.906000,HARD,44.0,2.0,4.0
NOR,45.0,0 days 00:01:17.897000,HARD,45.0,2.0,4.0
NOR,46.0,0 days 00:01:18.215000,HARD,46.0,2.0,4.0
NOR,47.0,0 days 00:01:18.141000,HARD,47.0,2.0,4.0
NOR,48.0,0 days 00:01:17.975000,HARD,48.0,2.0,4.0
NOR,49.0,0 days 00:01:18.177000,HARD,49.0,2.0,4.0
NOR,50.0,0 days 00:01:18.218000,HARD,50.0,2.0,4.0
NOR,51.0,0 days 00:01:17.772000,HARD,51.0,2.0,4.0
NOR,52.0,0 days 00:01:18.223000,HARD,52.0,2.0,4.0
NOR,53.0,0 days 00:01:17.570000,HARD,53.0,2.0,4.0
NOR,54.0,0 days 00:01:17.838000,HARD,54.0,2.0,4.0
NOR,55.0,0 days 00:01:18.382000,HARD,55.0,2.0,4.0
NOR,56.0,0 days 00:01:18.155000,HARD,56.0,2.0,4.0
NOR,57.0,0 days 00:01:17.815000,HARD,57.0,2.0,4.0
NOR,58.0,0 days 00:01:17.395000,HARD,58.0,2.0,4.0
NOR,59.0,0 days 00:01:17.122000,HARD,59.0,2.0,4.0
NOR,60.0,0 days 00:01:16.695000,HARD,60.0,2.0,4.0
NOR,61.0,0 days 00:01:17.614000,HARD,61.0,2.0,4.0
NOR,62.0,0 days 00:01:16.026000,HARD,62.0,2.0,4.0
NOR,63.0,0 days 00:01:16.876000,HARD,63.0,2.0,4.0
NOR,64.0,0 days 00:01:15.742000,HARD,64.0,2.0,4.0
NOR,65.0,0 days 00:01:17.143000,HARD,65.0,2.0,4.0
NOR,66.0,0 days 00:01:16.214000,HARD,66.0,2.0,4.0
NOR,67.0,0 days 00:01:16.115000,HARD,67.0,2.0,4.0
NOR,68.0,0 days 00:01:16.172000,HARD,68.0,2.0,4.0
NOR,69.0,0 days 00:01:16.314000,HARD,69.0,2.0,4.0
NOR,70.0,0 days 00:01:17.213000,HARD,70.0,2.0,4.0
NOR,71.0,0 days 00:01:16.609000,HARD,71.0,2.0,4.0
NOR,72.0,0 days 00:01:16.801000,HARD,72.0,2.0,4.0
NOR,73.0,0 days 00:01:16.285000,HARD,73.0,2.0,4.0
NOR,74.0,0 days 00:01:16.429000,HARD,74.0,2.0,4.0
NOR,75.0,0 days 00:01:16.517000,HARD,75.0,2.0,4.0
NOR,76.0,0 days 00:01:16.671000,HARD,76.0,2.0,4.0
NOR,77.0,0 days 00:01:16.512000,HARD,77.0,2.0,4.0
NOR,78.0,0 days 00:01:17.296000,HARD,78.0,2.0,4.0
RUS,1.0,0 days 00:41:13.884000,HARD,1.0,1.0,5.0
RUS,2.0,,MEDIUM,1.0,2.0,5.0
RUS,3.0,0 days 00:01:25.319000,MEDIUM,2.0,2.0,5.0
RUS,4.0,0 days 00:01:22.868000,MEDIUM,3.0,2.0,5.0
RUS,5.0,0 days 00:01:23.045000,MEDIUM,4.0,2.0,5.0
RUS,6.0,0 days 00:01:23.012000,MEDIUM,5.0,2.0,5.0
RUS,7.0,0 days 00:01:21.415000,MEDIUM,6.0,2.0,5.0
RUS,8.0,0 days 00:01:21.612000,MEDIUM,7.0,2.0,5.0
RUS,9.0,0 days 00:01:21.433000,MEDIUM,8.0,2.0,5.0
RUS,10.0,0 days 00:01:21.531000,MEDIUM,9.0,2.0,5.0
RUS,11.0,0 days 00:01:21.452000,MEDIUM,10.0,2.0,5.0
RUS,12.0,0 days 00:01:20.316000,MEDIUM,11.0,2.0,5.0
RUS,13.0,0 days 00:01:20.525000,MEDIUM,12.0,2.0,5.0
RUS,14.0,0 days 00:01:20.272000,MEDIUM,13.0,2.0,5.0
RUS,15.0,0 days 00:01:20.202000,MEDIUM,14.0,2.0,5.0
RUS,16.0,0 days 00:01:19.913000,MEDIUM,15.0,2.0,5.0
RUS,17.0,0 days 00:01:20.150000,MEDIUM,16.0,2.0,5.0
RUS,18.0,0 days 00:01:19.438000,MEDIUM,17.0,2.0,5.0
RUS,19.0,0 days 00:01:20.157000,MEDIUM,18.0,2.0,5.0
RUS,20.0,0 days 00:01:20.053000,MEDIUM,19.0,2.0,5.0
RUS,21.0,0 days 00:01:19.788000,MEDIUM,20.0,2.0,5.0
RUS,22.0,0 days 00:01:19.691000,MEDIUM,21.0,2.0,5.0
RUS,23.0,0 days 00:01:19.397000,MEDIUM,22.0,2.0,5.0
RUS,24.0,0 days 00:01:19.484000,MEDIUM,23.0,2.0,5.0
RUS,25.0,0 days 00:01:18.651000,MEDIUM,24.0,2.0,5.0
RUS,26.0,0 days 00:01:19.006000,MEDIUM,25.0,2.0,5.0
RUS,27.0,0 days 00:01:18.927000,MEDIUM,26.0,2.0,5.0
RUS,28.0,0 days 00:01:18.679000,MEDIUM,27.0,2.0,5.0
RUS,29.0,0 days 00:01:18.624000,MEDIUM,28.0,2.0,5.0
RUS,30.0,0 days 00:01:18.811000,MEDIUM,29.0,2.0,5.0
RUS,31.0,0 days 00:01:19.101000,MEDIUM,30.0,2.0,5.0
RUS,32.0,0 days 00:01:19.122000,MEDIUM,31.0,2.0,5.0
RUS,33.0,0 days 00:01:18.910000,MEDIUM,32.0,2.0,5.0
RUS,34.0,0 days 00:01:19.379000,MEDIUM,33.0,2.0,5.0
RUS,35.0,0 days 00:01:20.448000,MEDIUM,34.0,2.0,5.0
RUS,36.0,0 days 00:01:19.728000,MEDIUM,35.0,2.0,5.0
RUS,37.0,0 days 00:01:18.757000,MEDIUM,36.0,2.0,5.0
RUS,38.0,0 days 00:01:18.446000,MEDIUM,37.0,2.0,5.0
RUS,39.0,0 days 00:01:18.450000,MEDIUM,38.0,2.0,5.0
RUS,40.0,0 days 00:01:18.139000,MEDIUM,39.0,2.0,5.0
RUS,41.0,0 days 00:01:18.308000,MEDIUM,40.0,2.0,5.0
RUS,42.0,0 days 00:01:18.204000,MEDIUM,41.0,2.0,5.0
RUS,43.0,0 days 00:01:18.684000,MEDIUM,42.0,2.0,5.0
RUS,44.0,0 days 00:01:18.177000,MEDIUM,43.0,2.0,5.0
RUS,45.0,0 days 00:01:18.449000,MEDIUM,44.0,2.0,5.0
RUS,46.0,0 days 00:01:18.387000,MEDIUM,45.0,2.0,5.0
RUS,47.0,0 days 00:01:18.314000,MEDIUM,46.0,2.0,5.0
RUS,48.0,0 days 00:01:18.702000,MEDIUM,47.0,2.0,5.0
RUS,49.0,0 days 00:01:18.985000,MEDIUM,48.0,2.0,5.0
RUS,50.0,0 days 00:01:18.447000,MEDIUM,49.0,2.0,5.0
RUS,51.0,0 days 00:01:18.049000,MEDIUM,50.0,2.0,5.0
RUS,52.0,0 days 00:01:18.602000,MEDIUM,51.0,2.0,5.0
RUS,53.0,0 days 00:01:20.891000,MEDIUM,52.0,2.0,5.0
RUS,54.0,0 days 00:01:18.201000,MEDIUM,53.0,2.0,5.0
RUS,55.0,0 days 00:01:17.305000,MEDIUM,54.0,2.0,5.0
RUS,56.0,0 days 00:01:17.071000,MEDIUM,55.0,2.0,5.0
RUS,57.0,0 days 00:01:16.910000,MEDIUM,56.0,2.0,5.0
RUS,58.0,0 days 00:01:17.142000,MEDIUM,57.0,2.0,5.0
RUS,59.0,0 days 00:01:16.842000,MEDIUM,58.0,2.0,5.0
RUS,60.0,0 days 00:01:16.604000,MEDIUM,59.0,2.0,5.0
RUS,61.0,0 days 00:01:16.697000,MEDIUM,60.0,2.0,5.0
RUS,62.0,0 days 00:01:16.787000,MEDIUM,61.0,2.0,5.0
RUS,63.0,0 days 00:01:16.581000,MEDIUM,62.0,2.0,5.0
RUS,64.0,0 days 00:01:16.133000,MEDIUM,63.0,2.0,5.0
RUS,65.0,0 days 00:01:15.651000,MEDIUM,64.0,2.0,5.0
RUS,66.0,0 days 00:01:15.848000,MEDIUM,65.0,2.0,5.0
RUS,67.0,0 days 00:01:16.157000,MEDIUM,66.0,2.0,5.0
RUS,68.0,0 days 00:01:15.931000,MEDIUM,67.0,2.0,5.0
RUS,69.0,0 days 00:01:15.869000,MEDIUM,68.0,2.0,5.0
RUS,70.0,0 days 00:01:15.251000,MEDIUM,69.0,2.0,5.0
RUS,71.0,0 days 00:01:15.827000,MEDIUM,70.0,2.0,5.0
RUS,72.0,0 days 00:01:15.839000,MEDIUM,71.0,2.0,5.0
RUS,73.0,0 days 00:01:15.228000,MEDIUM,72.0,2.0,5.0
RUS,74.0,0 days 00:01:15.376000,MEDIUM,73.0,2.0,5.0
RUS,75.0,0 days 00:01:15.525000,MEDIUM,74.0,2.0,5.0
RUS,76.0,0 days 00:01:15.753000,MEDIUM,75.0,2.0,5.0
RUS,77.0,0 days 00:01:15.532000,MEDIUM,76.0,2.0,5.0
RUS,78.0,0 days 00:01:16.303000,MEDIUM,77.0,2.0,5.0
VER,1.0,0 days 00:41:18.944000,HARD,1.0,1.0,6.0
VER,2.0,,MEDIUM,1.0,2.0,6.0
VER,3.0,0 days 00:01:25.744000,MEDIUM,2.0,2.0,6.0
VER,4.0,0 days 00:01:23.275000,MEDIUM,3.0,2.0,6.0
VER,5.0,0 days 00:01:23.400000,MEDIUM,4.0,2.0,6.0
VER,6.0,0 days 00:01:23.787000,MEDIUM,5.0,2.0,6.0
VER,7.0,0 days 00:01:21.283000,MEDIUM,6.0,2.0,6.0
VER,8.0,0 days 00:01:21.657000,MEDIUM,7.0,2.0,6.0
VER,9.0,0 days 00:01:21.740000,MEDIUM,8.0,2.0,6.0
VER,10.0,0 days 00:01:21.244000,MEDIUM,9.0,2.0,6.0
VER,11.0,0 days 00:01:21.492000,MEDIUM,10.0,2.0,6.0
VER,12.0,0 days 00:01:20.659000,MEDIUM,11.0,2.0,6.0
VER,13.0,0 days 00:01:19.904000,MEDIUM,12.0,2.0,6.0
VER,14.0,0 days 00:01:19.723000,MEDIUM,13.0,2.0,6.0
VER,15.0,0 days 00:01:20.370000,MEDIUM,14.0,2.0,6.0
VER,16.0,0 days 00:01:20.287000,MEDIUM,15.0,2.0,6.0
VER,17.0,0 days 00:01:19.898000,MEDIUM,16.0,2.0,6.0
VER,18.0,0 days 00:01:19.580000,MEDIUM,17.0,2.0,6.0
VER,19.0,0 days 00:01:20.171000,MEDIUM,18.0,2.0,6.0
VER,20.0,0 days 00:01:19.886000,MEDIUM,19.0,2.0,6.0
VER,21.0,0 days 00:01:20.255000,MEDIUM,20.0,2.0,6.0
VER,22.0,0 days 00:01:19.813000,MEDIUM,21.0,2.0,6.0
VER,23.0,0 days 00:01:18.979000,MEDIUM,22.0,2.0,6.0
VER,24.0,0 days 00:01:19.364000,MEDIUM,23.0,2.0,6.0
VER,25.0,0 days 00:01:19.380000,MEDIUM,24.0,2.0,6.0
VER,26.0,0 days 00:01:18.818000,MEDIUM,25.0,2.0,6.0
VER,27.0,0 days 00:01:18.797000,MEDIUM,26.0,2.0,6.0
VER,28.0,0 days 00:01:18.682000,MEDIUM,27.0,2.0,6.0
VER,29.0,0 days 00:01:18.795000,MEDIUM,28.0,2.0,6.0
VER,30.0,0 days 00:01:18.574000,MEDIUM,29.0,2.0,6.0
VER,31.0,0 days 00:01:18.564000,MEDIUM,30.0,2.0,6.0
VER,32.0,0 days 00:01:18.983000,MEDIUM,31.0,2.0,6.0
VER,33.0,0 days 00:01:19.005000,MEDIUM,32.0,2.0,6.0
VER,34.0,0 days 00:01:19.594000,MEDIUM,33.0,2.0,6.0
VER,35.0,0 days 00:01:20.207000,MEDIUM,34.0,2.0,6.0
VER,36.0,0 days 00:01:19.634000,MEDIUM,35.0,2.0,6.0
VER,37.0,0 days 00:01:19.429000,MEDIUM,36.0,2.0,6.0
VER,38.0,0 days 00:01:18.844000,MEDIUM,37.0,2.0,6.0
VER,39.0,0 days 00:01:18.326000,MEDIUM,38.0,2.0,6.0
VER,40.0,0 days 00:01:18.409000,MEDIUM,39.0,2.0,6.0
VER,41.0,0 days 00:01:18.083000,MEDIUM,40.0,2.0,6.0
VER,42.0,0 days 00:01:18.074000,MEDIUM,41.0,2.0,6.0
VER,43.0,0 days 00:01:18.358000,MEDIUM,42.0,2.0,6.0
VER,44.0,0 days 00:01:18.405000,MEDIUM,43.0,2.0,6.0
VER,45.0,0 days 00:01:18.313000,MEDIUM,44.0,2.0,6.0
VER,46.0,0 days 00:01:18.203000,MEDIUM,45.0,2.0,6.0
VER,47.0,0 days 00:01:18.537000,MEDIUM,46.0,2.0,6.0
VER,48.0,0 days 00:01:18.337000,MEDIUM,47.0,2.0,6.0
VER,49.0,0 days 00:01:18.477000,MEDIUM,48.0,2.0,6.0
VER,50.0,0 days 00:01:18.880000,MEDIUM,49.0,2.0,6.0
VER,51.0,0 days 00:01:18.142000,MEDIUM,50.0,2.0,6.0
VER,52.0,0 days 00:01:33.905000,MEDIUM,51.0,2.0,6.0
VER,53.0,0 days 00:01:18.724000,HARD,2.0,3.0,6.0
VER,54.0,0 days 00:01:15.815000,HARD,3.0,3.0,6.0
VER,55.0,0 days 00:01:15.398000,HARD,4.0,3.0,6.0
VER,56.0,0 days 00:01:15.466000,HARD,5.0,3.0,6.0
VER,57.0,0 days 00:01:16.181000,HARD,6.0,3.0,6.0
VER,58.0,0 days 00:01:14.569000,HARD,7.0,3.0,6.0
VER,59.0,0 days 00:01:14.748000,HARD,8.0,3.0,6.0
VER,60.0,0 days 00:01:15.238000,HARD,9.0,3.0,6.0
VER,61.0,0 days 00:01:15.121000,HARD,10.0,3.0,6.0
VER,62.0,0 days 00:01:16.561000,HARD,11.0,3.0,6.0
VER,63.0,0 days 00:01:16.547000,HARD,12.0,3.0,6.0
VER,64.0,0 days 00:01:16.619000,HARD,13.0,3.0,6.0
VER,65.0,0 days 00:01:15.468000,HARD,14.0,3.0,6.0
VER,66.0,0 days 00:01:16.121000,HARD,15.0,3.0,6.0
VER,67.0,0 days 00:01:16.276000,HARD,16.0,3.0,6.0
VER,68.0,0 days 00:01:15.954000,HARD,17.0,3.0,6.0
VER,69.0,0 days 00:01:15.463000,HARD,18.0,3.0,6.0
VER,70.0,0 days 00:01:15.449000,HARD,19.0,3.0,6.0
VER,71.0,0 days 00:01:15.659000,HARD,20.0,3.0,6.0
VER,72.0,0 days 00:01:15.733000,HARD,21.0,3.0,6.0
VER,73.0,0 days 00:01:15.436000,HARD,22.0,3.0,6.0
VER,74.0,0 days 00:01:15.380000,HARD,23.0,3.0,6.0
VER,75.0,0 days 00:01:15.396000,HARD,24.0,3.0,6.0
VER,76.0,0 days 00:01:15.641000,HARD,25.0,3.0,6.0
VER,77.0,0 days 00:01:15.543000,HARD,26.0,3.0,6.0
VER,78.0,0 days 00:01:16.248000,HARD,27.0,3.0,6.0
HAM,1.0,0 days 00:41:23.804000,HARD,1.0,1.0,7.0
HAM,2.0,,MEDIUM,1.0,2.0,7.0
HAM,3.0,0 days 00:01:27.058000,MEDIUM,2.0,2.0,7.0
HAM,4.0,0 days 00:01:23.376000,MEDIUM,3.0,2.0,7.0
HAM,5.0,0 days 00:01:23.640000,MEDIUM,4.0,2.0,7.0
HAM,6.0,0 days 00:01:23.369000,MEDIUM,5.0,2.0,7.0
HAM,7.0,0 days 00:01:21.463000,MEDIUM,6.0,2.0,7.0
HAM,8.0,0 days 00:01:21.612000,MEDIUM,7.0,2.0,7.0
HAM,9.0,0 days 00:01:21.851000,MEDIUM,8.0,2.0,7.0
HAM,10.0,0 days 00:01:21.437000,MEDIUM,9.0,2.0,7.0
HAM,11.0,0 days 00:01:21.325000,MEDIUM,10.0,2.0,7.0
HAM,12.0,0 days 00:01:21.164000,MEDIUM,11.0,2.0,7.0
HAM,13.0,0 days 00:01:20.171000,MEDIUM,12.0,2.0,7.0
HAM,14.0,0 days 00:01:20.126000,MEDIUM,13.0,2.0,7.0
HAM,15.0,0 days 00:01:19.971000,MEDIUM,14.0,2.0,7.0
HAM,16.0,0 days 00:01:20.384000,MEDIUM,15.0,2.0,7.0
HAM,17.0,0 days 00:01:19.738000,MEDIUM,16.0,2.0,7.0
HAM,18.0,0 days 00:01:20.037000,MEDIUM,17.0,2.0,7.0
HAM,19.0,0 days 00:01:19.874000,MEDIUM,18.0,2.0,7.0
HAM,20.0,0 days 00:01:20.504000,MEDIUM,19.0,2.0,7.0
HAM,21.0,0 days 00:01:19.760000,MEDIUM,20.0,2.0,7.0
HAM,22.0,0 days 00:01:20.590000,MEDIUM,21.0,2.0,7.0
HAM,23.0,0 days 00:01:19.089000,MEDIUM,22.0,2.0,7.0
HAM,24.0,0 days 00:01:18.785000,MEDIUM,23.0,2.0,7.0
HAM,25.0,0 days 00:01:19.342000,MEDIUM,24.0,2.0,7.0
HAM,26.0,0 days 00:01:19.862000,MEDIUM,25.0,2.0,7.0
HAM,27.0,0 days 00:01:18.549000,MEDIUM,26.0,2.0,7.0
HAM,28.0,0 days 00:01:18.587000,MEDIUM,27.0,2.0,7.0
HAM,29.0,0 days 00:01:18.940000,MEDIUM,28.0,2.0,7.0
HAM,30.0,0 days 00:01:18.371000,MEDIUM,29.0,2.0,7.0
HAM,31.0,0 days 00:01:18.471000,MEDIUM,30.0,2.0,7.0
HAM,32.0,0 days 00:01:18.618000,MEDIUM,31.0,2.0,7.0
HAM,33.0,0 days 00:01:18.746000,MEDIUM,32.0,2.0,7.0
HAM,34.0,0 days 00:01:18.860000,MEDIUM,33.0,2.0,7.0
HAM,35.0,0 days 00:01:19.518000,MEDIUM,34.0,2.0,7.0
HAM,36.0,0 days 00:01:20.648000,MEDIUM,35.0,2.0,7.0
HAM,37.0,0 days 00:01:18.605000,MEDIUM,36.0,2.0,7.0
HAM,38.0,0 days 00:01:20.514000,MEDIUM,37.0,2.0,7.0
HAM,39.0,0 days 00:01:18.943000,MEDIUM,38.0,2.0,7.0
HAM,40.0,0 days 00:01:18.673000,MEDIUM,39.0,2.0,7.0
HAM,41.0,0 days 00:01:18.946000,MEDIUM,40.0,2.0,7.0
HAM,42.0,0 days 00:01:17.542000,MEDIUM,41.0,2.0,7.0
HAM,43.0,0 days 00:01:17.867000,MEDIUM,42.0,2.0,7.0
HAM,44.0,0 days 00:01:18.225000,MEDIUM,43.0,2.0,7.0
HAM,45.0,0 days 00:01:18.156000,MEDIUM,44.0,2.0,7.0
HAM,46.0,0 days 00:01:18.104000,MEDIUM,45.0,2.0,7.0
HAM,47.0,0 days 00:01:18.331000,MEDIUM,46.0,2.0,7.0
HAM,48.0,0 days 00:01:17.831000,MEDIUM,47.0,2.0,7.0
HAM,49.0,0 days 00:01:17.398000,MEDIUM,48.0,2.0,7.0
HAM,50.0,0 days 00:01:18.461000,MEDIUM,49.0,2.0,7.0
HAM,51.0,0 days 00:01:35.209000,MEDIUM,50.0,2.0,7.0
HAM,52.0,0 days 00:01:19.702000,HARD,2.0,3.0,7.0
HAM,53.0,0 days 00:01:16.458000,HARD,3.0,3.0,7.0
HAM,54.0,0 days 00:01:16.388000,HARD,4.0,3.0,7.0
HAM,55.0,0 days 00:01:16.492000,HARD,5.0,3.0,7.0
HAM,56.0,0 days 00:01:14.423000,HARD,6.0,3.0,7.0
HAM,57.0,0 days 00:01:17.857000,HARD,7.0,3.0,7.0
HAM,58.0,0 days 00:01:16.855000,HARD,8.0,3.0,7.0
HAM,59.0,0 days 00:01:14.204000,HARD,9.0,3.0,7.0
HAM,60.0,0 days 00:01:15.848000,HARD,10.0,3.0,7.0
HAM,61.0,0 days 00:01:15.274000,HARD,11.0,3.0,7.0
HAM,62.0,0 days 00:01:15.414000,HARD,12.0,3.0,7.0
HAM,63.0,0 days 00:01:14.165000,HARD,13.0,3.0,7.0
HAM,64.0,0 days 00:01:16.164000,HARD,14.0,3.0,7.0
HAM,65.0,0 days 00:01:15.190000,HARD,15.0,3.0,7.0
HAM,66.0,0 days 00:01:15.342000,HARD,16.0,3.0,7.0
HAM,67.0,0 days 00:01:16.117000,HARD,17.0,3.0,7.0
HAM,68.0,0 days 00:01:15.836000,HARD,18.0,3.0,7.0
HAM,69.0,0 days 00:01:15.648000,HARD,19.0,3.0,7.0
HAM,70.0,0 days 00:01:15.638000,HARD,20.0,3.0,7.0
HAM,71.0,0 days 00:01:15.643000,HARD,21.0,3.0,7.0
HAM,72.0,0 days 00:01:15.468000,HARD,22.0,3.0,7.0
HAM,73.0,0 days 00:01:15.134000,HARD,23.0,3.0,7.0
HAM,74.0,0 days 00:01:15.324000,HARD,24.0,3.0,7.0
HAM,75.0,0 days 00:01:15.324000,HARD,25.0,3.0,7.0
HAM,76.0,0 days 00:01:15.245000,HARD,26.0,3.0,7.0
HAM,77.0,0 days 00:01:15.697000,HARD,27.0,3.0,7.0
HAM,78.0,0 days 00:01:16.355000,HARD,28.0,3.0,7.0
TSU,1.0,0 days 00:41:28.609000,MEDIUM,1.0,1.0,8.0
TSU,2.0,0 days 00:02:28.277000,HARD,2.0,2.0,8.0
TSU,3.0,0 days 00:01:27.563000,HARD,3.0,2.0,8.0
TSU,4.0,0 days 00:01:23.327000,HARD,4.0,2.0,8.0
TSU,5.0,0 days 00:01:23.493000,HARD,5.0,2.0,8.0
TSU,6.0,0 days 00:01:23.224000,HARD,6.0,2.0,8.0
TSU,7.0,0 days 00:01:21.826000,HARD,7.0,2.0,8.0
TSU,8.0,0 days 00:01:21.651000,HARD,8.0,2.0,8.0
TSU,9.0,0 days 00:01:21.896000,HARD,9.0,2.0,8.0
TSU,10.0,0 days 00:01:21.591000,HARD,10.0,2.0,8.0
TSU,11.0,0 days 00:01:21.289000,HARD,11.0,2.0,8.0
TSU,12.0,0 days 00:01:21.089000,HARD,12.0,2.0,8.0
TSU,13.0,0 days 00:01:20.682000,HARD,13.0,2.0,8.0
TSU,14.0,0 days 00:01:21.249000,HARD,14.0,2.0,8.0
TSU,15.0,0 days 00:01:20.099000,HARD,15.0,2.0,8.0
TSU,16.0,0 days 00:01:20.847000,HARD,16.0,2.0,8.0
TSU,17.0,0 days 00:01:20.335000,HARD,17.0,2.0,8.0
TSU,18.0,0 days 00:01:20.612000,HARD,18.0,2.0,8.0
TSU,19.0,0 days 00:01:20.770000,HARD,19.0,2.0,8.0
TSU,20.0,0 days 00:01:19.991000,HARD,20.0,2.0,8.0
TSU,21.0,0 days 00:01:20.557000,HARD,21.0,2.0,8.0
TSU,22.0,0 days 00:01:20.875000,HARD,22.0,2.0,8.0
TSU,23.0,0 days 00:01:20.450000,HARD,23.0,2.0,8.0
TSU,24.0,0 days 00:01:20.386000,HARD,24.0,2.0,8.0
TSU,25.0,0 days 00:01:20.329000,HARD,25.0,2.0,8.0
TSU,26.0,0 days 00:01:20.448000,HARD,26.0,2.0,8.0
TSU,27.0,0 days 00:01:20.286000,HARD,27.0,2.0,8.0
TSU,28.0,0 days 00:01:20.184000,HARD,28.0,2.0,8.0
TSU,29.0,0 days 00:01:19.837000,HARD,29.0,2.0,8.0
TSU,30.0,0 days 00:01:20.495000,HARD,30.0,2.0,8.0
TSU,31.0,0 days 00:01:20.190000,HARD,31.0,2.0,8.0
TSU,32.0,0 days 00:01:21.023000,HARD,32.0,2.0,8.0
TSU,33.0,0 days 00:01:20.749000,HARD,33.0,2.0,8.0
TSU,34.0,0 days 00:01:19.153000,HARD,34.0,2.0,8.0
TSU,35.0,0 days 00:01:18.973000,HARD,35.0,2.0,8.0
TSU,36.0,0 days 00:01:19.472000,HARD,36.0,2.0,8.0
TSU,37.0,0 days 00:01:20.071000,HARD,37.0,2.0,8.0
TSU,38.0,0 days 00:01:20.117000,HARD,38.0,2.0,8.0
TSU,39.0,0 days 00:01:19.855000,HARD,39.0,2.0,8.0
TSU,40.0,0 days 00:01:19.745000,HARD,40.0,2.0,8.0
TSU,41.0,0 days 00:01:20.772000,HARD,41.0,2.0,8.0
TSU,42.0,0 days 00:01:20.320000,HARD,42.0,2.0,8.0
TSU,43.0,0 days 00:01:20.135000,HARD,43.0,2.0,8.0
TSU,44.0,0 days 00:01:20.394000,HARD,44.0,2.0,8.0
TSU,45.0,0 days 00:01:20.144000,HARD,45.0,2.0,8.0
TSU,46.0,0 days 00:01:20.294000,HARD,46.0,2.0,8.0
TSU,47.0,0 days 00:01:20.426000,HARD,47.0,2.0,8.0
TSU,48.0,0 days 00:01:20.543000,HARD,48.0,2.0,8.0
TSU,49.0,0 days 00:01:20.109000,HARD,49.0,2.0,8.0
TSU,50.0,0 days 00:01:19.553000,HARD,50.0,2.0,8.0
TSU,51.0,0 days 00:01:18.640000,HARD,51.0,2.0,8.0
TSU,52.0,0 days 00:01:20.114000,HARD,52.0,2.0,8.0
TSU,53.0,0 days 00:01:19.854000,HARD,53.0,2.0,8.0
TSU,54.0,0 days 00:01:25.770000,HARD,54.0,2.0,8.0
TSU,55.0,0 days 00:01:19.781000,HARD,55.0,2.0,8.0
TSU,56.0,0 days 00:01:18.502000,HARD,56.0,2.0,8.0
TSU,57.0,0 days 00:01:18.499000,HARD,57.0,2.0,8.0
TSU,58.0,0 days 00:01:18.737000,HARD,58.0,2.0,8.0
TSU,59.0,0 days 00:01:18.035000,HARD,59.0,2.0,8.0
TSU,60.0,0 days 00:01:19.659000,HARD,60.0,2.0,8.0
TSU,61.0,0 days 00:01:20.298000,HARD,61.0,2.0,8.0
TSU,62.0,0 days 00:01:19.375000,HARD,62.0,2.0,8.0
TSU,63.0,0 days 00:01:23.218000,HARD,63.0,2.0,8.0
TSU,64.0,0 days 00:01:17.631000,HARD,64.0,2.0,8.0
TSU,65.0,0 days 00:01:17.019000,HARD,65.0,2.0,8.0
TSU,66.0,0 days 00:01:18.197000,HARD,66.0,2.0,8.0
TSU,67.0,0 days 00:01:18.148000,HARD,67.0,2.0,8.0
TSU,68.0,0 days 00:01:18.209000,HARD,68.0,2.0,8.0
TSU,69.0,0 days 00:01:20.032000,HARD,69.0,2.0,8.0
TSU,70.0,0 days 00:01:19.347000,HARD,70.0,2.0,8.0
TSU,71.0,0 days 00:01:18.258000,HARD,71.0,2.0,8.0
TSU,72.0,0 days 00:01:17.079000,HARD,72.0,2.0,8.0
TSU,73.0,0 days 00:01:15.955000,HARD,73.0,2.0,8.0
TSU,74.0,0 days 00:01:15.462000,HARD,74.0,2.0,8.0
TSU,75.0,0 days 00:01:14.992000,HARD,75.0,2.0,8.0
TSU,76.0,0 days 00:01:15.205000,HARD,76.0,2.0,8.0
TSU,77.0,0 days 00:01:14.720000,HARD,77.0,2.0,8.0
ALB,1.0,0 days 00:41:34.817000,MEDIUM,1.0,1.0,9.0
ALB,2.0,0 days 00:02:22.255000,HARD,1.0,2.0,9.0
ALB,3.0,0 days 00:01:27.834000,HARD,2.0,2.0,9.0
ALB,4.0,0 days 00:01:23.286000,HARD,3.0,2.0,9.0
ALB,5.0,0 days 00:01:23.369000,HARD,4.0,2.0,9.0
ALB,6.0,0 days 00:01:23.416000,HARD,5.0,2.0,9.0
ALB,7.0,0 days 00:01:21.913000,HARD,6.0,2.0,9.0
ALB,8.0,0 days 00:01:21.536000,HARD,7.0,2.0,9.0
ALB,9.0,0 days 00:01:22.004000,HARD,8.0,2.0,9.0
ALB,10.0,0 days 00:01:21.562000,HARD,9.0,2.0,9.0
ALB,11.0,0 days 00:01:21.514000,HARD,10.0,2.0,9.0
ALB,12.0,0 days 00:01:20.821000,HARD,11.0,2.0,9.0
ALB,13.0,0 days 00:01:21.420000,HARD,12.0,2.0,9.0
ALB,14.0,0 days 00:01:20.591000,HARD,13.0,2.0,9.0
ALB,15.0,0 days 00:01:20.591000,HARD,14.0,2.0,9.0
ALB,16.0,0 days 00:01:20.793000,HARD,15.0,2.0,9.0
ALB,17.0,0 days 00:01:21.137000,HARD,16.0,2.0,9.0
ALB,18.0,0 days 00:01:20.042000,HARD,17.0,2.0,9.0
ALB,19.0,0 days 00:01:20.245000,HARD,18.0,2.0,9.0
ALB,20.0,0 days 00:01:20.360000,HARD,19.0,2.0,9.0
ALB,21.0,0 days 00:01:20.937000,HARD,20.0,2.0,9.0
ALB,22.0,0 days 00:01:20.542000,HARD,21.0,2.0,9.0
ALB,23.0,0 days 00:01:20.143000,HARD,22.0,2.0,9.0
ALB,24.0,0 days 00:01:20.517000,HARD,23.0,2.0,9.0
ALB,25.0,0 days 00:01:20.323000,HARD,24.0,2.0,9.0
ALB,26.0,0 days 00:01:20.463000,HARD,25.0,2.0,9.0
ALB,27.0,0 days 00:01:20.509000,HARD,26.0,2.0,9.0
ALB,28.0,0 days 00:01:19.510000,HARD,27.0,2.0,9.0
ALB,29.0,0 days 00:01:20.271000,HARD,28.0,2.0,9.0
ALB,30.0,0 days 00:01:21.439000,HARD,29.0,2.0,9.0
ALB,31.0,0 days 00:01:20.941000,HARD,30.0,2.0,9.0
ALB,32.0,0 days 00:01:20.148000,HARD,31.0,2.0,9.0
ALB,33.0,0 days 00:01:19.491000,HARD,32.0,2.0,9.0
ALB,34.0,0 days 00:01:19.134000,HARD,33.0,2.0,9.0
ALB,35.0,0 days 00:01:18.816000,HARD,34.0,2.0,9.0
ALB,36.0,0 days 00:01:21.628000,HARD,35.0,2.0,9.0
ALB,37.0,0 days 00:01:20.775000,HARD,36.0,2.0,9.0
ALB,38.0,0 days 00:01:20.314000,HARD,37.0,2.0,9.0
ALB,39.0,0 days 00:01:20.389000,HARD,38.0,2.0,9.0
ALB,40.0,0 days 00:01:19.812000,HARD,39.0,2.0,9.0
ALB,41.0,0 days 00:01:19.329000,HARD,40.0,2.0,9.0
ALB,42.0,0 days 00:01:20.084000,HARD,41.0,2.0,9.0
ALB,43.0,0 days 00:01:19.496000,HARD,42.0,2.0,9.0
ALB,44.0,0 days 00:01:19.683000,HARD,43.0,2.0,9.0
ALB,45.0,0 days 00:01:21.748000,HARD,44.0,2.0,9.0
ALB,46.0,0 days 00:01:20.594000,HARD,45.0,2.0,9.0
ALB,47.0,0 days 00:01:20.462000,HARD,46.0,2.0,9.0
ALB,48.0,0 days 00:01:19.321000,HARD,47.0,2.0,9.0
ALB,49.0,0 days 00:01:19.378000,HARD,48.0,2.0,9.0
ALB,50.0,0 days 00:01:19.268000,HARD,49.0,2.0,9.0
ALB,51.0,0 days 00:01:18.863000,HARD,50.0,2.0,9.0
ALB,52.0,0 days 00:01:21.554000,HARD,51.0,2.0,9.0
ALB,53.0,0 days 00:01:20.700000,HARD,52.0,2.0,9.0
ALB,54.0,0 days 00:01:23.647000,HARD,53.0,2.0,9.0
ALB,55.0,0 days 00:01:19.085000,HARD,54.0,2.0,9.0
ALB,56.0,0 days 00:01:18.796000,HARD,55.0,2.0,9.0
ALB,57.0,0 days 00:01:18.271000,HARD,56.0,2.0,9.0
ALB,58.0,0 days 00:01:18.690000,HARD,57.0,2.0,9.0
ALB,59.0,0 days 00:01:18.201000,HARD,58.0,2.0,9.0
ALB,60.0,0 days 00:01:19.533000,HARD,59.0,2.0,9.0
ALB,61.0,0 days 00:01:20.222000,HARD,60.0,2.0,9.0
ALB,62.0,0 days 00:01:19.506000,HARD,61.0,2.0,9.0
ALB,63.0,0 days 00:01:23.085000,HARD,62.0,2.0,9.0
ALB,64.0,0 days 00:01:17.911000,HARD,63.0,2.0,9.0
ALB,65.0,0 days 00:01:17.261000,HARD,64.0,2.0,9.0
ALB,66.0,0 days 00:01:18.003000,HARD,65.0,2.0,9.0
ALB,67.0,0 days 00:01:17.874000,HARD,66.0,2.0,9.0
ALB,68.0,0 days 00:01:18.385000,HARD,67.0,2.0,9.0
ALB,69.0,0 days 00:01:19.921000,HARD,68.0,2.0,9.0
ALB,70.0,0 days 00:01:19.370000,HARD,69.0,2.0,9.0
ALB,71.0,0 days 00:01:18.957000,HARD,70.0,2.0,9.0
ALB,72.0,0 days 00:01:18.165000,HARD,71.0,2.0,9.0
ALB,73.0,0 days 00:01:18.432000,HARD,72.0,2.0,9.0
ALB,74.0,0 days 00:01:18.014000,HARD,73.0,2.0,9.0
ALB,75.0,0 days 00:01:17.850000,HARD,74.0,2.0,9.0
ALB,76.0,0 days 00:01:17.279000,HARD,75.0,2.0,9.0
ALB,77.0,0 days 00:01:17.060000,HARD,76.0,2.0,9.0
GAS,1.0,0 days 00:41:37.695000,HARD,1.0,1.0,10.0
GAS,2.0,0 days 00:02:19.618000,MEDIUM,1.0,2.0,10.0
GAS,3.0,0 days 00:01:28.269000,MEDIUM,2.0,2.0,10.0
GAS,4.0,0 days 00:01:23.269000,MEDIUM,3.0,2.0,10.0
GAS,5.0,0 days 00:01:23.428000,MEDIUM,4.0,2.0,10.0
GAS,6.0,0 days 00:01:23.106000,MEDIUM,5.0,2.0,10.0
GAS,7.0,0 days 00:01:22.233000,MEDIUM,6.0,2.0,10.0
GAS,8.0,0 days 00:01:21.600000,MEDIUM,7.0,2.0,10.0
GAS,9.0,0 days 00:01:22.071000,MEDIUM,8.0,2.0,10.0
GAS,10.0,0 days 00:01:21.394000,MEDIUM,9.0,2.0,10.0
GAS,11.0,0 days 00:01:21.298000,MEDIUM,10.0,2.0,10.0
GAS,12.0,0 days 00:01:21.289000,MEDIUM,11.0,2.0,10.0
GAS,13.0,0 days 00:01:21.530000,MEDIUM,12.0,2.0,10.0
GAS,14.0,0 days 00:01:19.920000,MEDIUM,13.0,2.0,10.0
GAS,15.0,0 days 00:01:21.066000,MEDIUM,14.0,2.0,10.0
GAS,16.0,0 days 00:01:21.054000,MEDIUM,15.0,2.0,10.0
GAS,17.0,0 days 00:01:21.961000,MEDIUM,16.0,2.0,10.0
GAS,18.0,0 days 00:01:20.797000,MEDIUM,17.0,2.0,10.0
GAS,19.0,0 days 00:01:19.904000,MEDIUM,18.0,2.0,10.0
GAS,20.0,0 days 00:01:20.255000,MEDIUM,19.0,2.0,10.0
GAS,21.0,0 days 00:01:19.876000,MEDIUM,20.0,2.0,10.0
GAS,22.0,0 days 00:01:20.554000,MEDIUM,21.0,2.0,10.0
GAS,23.0,0 days 00:01:21.306000,MEDIUM,22.0,2.0,10.0
GAS,24.0,0 days 00:01:20.949000,MEDIUM,23.0,2.0,10.0
GAS,25.0,0 days 00:01:20.372000,MEDIUM,24.0,2.0,10.0
GAS,26.0,0 days 00:01:20.593000,MEDIUM,25.0,2.0,10.0
GAS,27.0,0 days 00:01:20.521000,MEDIUM,26.0,2.0,10.0
GAS,28.0,0 days 00:01:20.229000,MEDIUM,27.0,2.0,10.0
GAS,29.0,0 days 00:01:19.376000,MEDIUM,28.0,2.0,10.0
GAS,30.0,0 days 00:01:21.764000,MEDIUM,29.0,2.0,10.0
GAS,31.0,0 days 00:01:21.427000,MEDIUM,30.0,2.0,10.0
GAS,32.0,0 days 00:01:21.121000,MEDIUM,31.0,2.0,10.0
GAS,33.0,0 days 00:01:20.965000,MEDIUM,32.0,2.0,10.0
GAS,34.0,0 days 00:01:20.751000,MEDIUM,33.0,2.0,10.0
GAS,35.0,0 days 00:01:19.361000,MEDIUM,34.0,2.0,10.0
GAS,36.0,0 days 00:01:19.576000,MEDIUM,35.0,2.0,10.0
GAS,37.0,0 days 00:01:19.975000,MEDIUM,36.0,2.0,10.0
GAS,38.0,0 days 00:01:19.428000,MEDIUM,37.0,2.0,10.0
GAS,39.0,0 days 00:01:20.320000,MEDIUM,38.0,2.0,10.0
GAS,40.0,0 days 00:01:20.384000,MEDIUM,39.0,2.0,10.0
GAS,41.0,0 days 00:01:20.200000,MEDIUM,40.0,2.0,10.0
GAS,42.0,0 days 00:01:19.977000,MEDIUM,41.0,2.0,10.0
GAS,43.0,0 days 00:01:21.048000,MEDIUM,42.0,2.0,10.0
GAS,44.0,0 days 00:01:20.621000,MEDIUM,43.0,2.0,10.0
GAS,45.0,0 days 00:01:19.382000,MEDIUM,44.0,2.0,10.0
GAS,46.0,0 days 00:01:19.970000,MEDIUM,45.0,2.0,10.0
GAS,47.0,0 days 00:01:19.435000,MEDIUM,46.0,2.0,10.0
GAS,48.0,0 days 00:01:19.865000,MEDIUM,47.0,2.0,10.0
GAS,49.0,0 days 00:01:20.534000,MEDIUM,48.0,2.0,10.0
GAS,50.0,0 days 00:01:21.023000,MEDIUM,49.0,2.0,10.0
GAS,51.0,0 days 00:01:24.473000,MEDIUM,50.0,2.0,10.0
GAS,52.0,0 days 00:01:19.743000,MEDIUM,51.0,2.0,10.0
GAS,53.0,0 days 00:01:19.917000,MEDIUM,52.0,2.0,10.0
GAS,54.0,0 days 00:01:19.091000,MEDIUM,53.0,2.0,10.0
GAS,55.0,0 days 00:01:19.407000,MEDIUM,54.0,2.0,10.0
GAS,56.0,0 days 00:01:19.704000,MEDIUM,55.0,2.0,10.0
GAS,57.0,0 days 00:01:19.448000,MEDIUM,56.0,2.0,10.0
GAS,58.0,0 days 00:01:19.097000,MEDIUM,57.0,2.0,10.0
GAS,59.0,0 days 00:01:21.378000,MEDIUM,58.0,2.0,10.0
GAS,60.0,0 days 00:01:20.237000,MEDIUM,59.0,2.0,10.0
GAS,61.0,0 days 00:01:20.407000,MEDIUM,60.0,2.0,10.0
GAS,62.0,0 days 00:01:18.469000,MEDIUM,61.0,2.0,10.0
GAS,63.0,0 days 00:01:19.155000,MEDIUM,62.0,2.0,10.0
GAS,64.0,0 days 00:01:18.868000,MEDIUM,63.0,2.0,10.0
GAS,65.0,0 days 00:01:19.220000,MEDIUM,64.0,2.0,10.0
GAS,66.0,0 days 00:01:18.726000,MEDIUM,65.0,2.0,10.0
GAS,67.0,0 days 00:01:18.624000,MEDIUM,66.0,2.0,10.0
GAS,68.0,0 days 00:01:18.545000,MEDIUM,67.0,2.0,10.0
GAS,69.0,0 days 00:01:18.363000,MEDIUM,68.0,2.0,10.0
GAS,70.0,0 days 00:01:17.799000,MEDIUM,69.0,2.0,10.0
GAS,71.0,0 days 00:01:18.140000,MEDIUM,70.0,2.0,10.0
GAS,72.0,0 days 00:01:18.382000,MEDIUM,71.0,2.0,10.0
GAS,73.0,0 days 00:01:17.992000,MEDIUM,72.0,2.0,10.0
GAS,74.0,0 days 00:01:16.689000,MEDIUM,73.0,2.0,10.0
GAS,75.0,0 days 00:01:18.120000,MEDIUM,74.0,2.0,10.0
GAS,76.0,0 days 00:01:17.516000,MEDIUM,75.0,2.0,10.0
GAS,77.0,0 days 00:01:15.625000,MEDIUM,76.0,2.0,10.0
ALO,1.0,0 days 00:41:53.184000,HARD,2.0,1.0,13.0
ALO,2.0,0 days 00:02:04.571000,MEDIUM,2.0,2.0,13.0
ALO,3.0,0 days 00:01:29.188000,MEDIUM,3.0,2.0,12.0
ALO,4.0,0 days 00:01:23.736000,MEDIUM,4.0,2.0,12.0
ALO,5.0,0 days 00:01:23.575000,MEDIUM,5.0,2.0,12.0
ALO,6.0,0 days 00:01:22.711000,MEDIUM,6.0,2.0,12.0
ALO,7.0,0 days 00:01:22.866000,MEDIUM,7.0,2.0,12.0
ALO,8.0,0 days 00:01:22.284000,MEDIUM,8.0,2.0,12.0
ALO,9.0,0 days 00:01:21.650000,MEDIUM,9.0,2.0,12.0
ALO,10.0,0 days 00:01:21.864000,MEDIUM,10.0,2.0,12.0
ALO,11.0,0 days 00:01:21.418000,MEDIUM,11.0,2.0,12.0
ALO,12.0,0 days 00:01:21.366000,MEDIUM,12.0,2.0,12.0
ALO,13.0,0 days 00:01:21.428000,MEDIUM,13.0,2.0,12.0
ALO,14.0,0 days 00:01:21.392000,MEDIUM,14.0,2.0,12.0
ALO,15.0,0 days 00:01:21.061000,MEDIUM,15.0,2.0,12.0
ALO,16.0,0 days 00:01:21.318000,MEDIUM,16.0,2.0,12.0
ALO,17.0,0 days 00:01:20.799000,MEDIUM,17.0,2.0,12.0
ALO,18.0,0 days 00:01:21.075000,MEDIUM,18.0,2.0,12.0
ALO,19.0,0 days 00:01:20.605000,MEDIUM,19.0,2.0,12.0
ALO,20.0,0 days 00:01:21.110000,MEDIUM,20.0,2.0,12.0
ALO,21.0,0 days 00:01:20.317000,MEDIUM,21.0,2.0,12.0
ALO,22.0,0 days 00:01:21.037000,MEDIUM,22.0,2.0,12.0
ALO,23.0,0 days 00:01:20.246000,MEDIUM,23.0,2.0,12.0
ALO,24.0,0 days 00:01:21.413000,MEDIUM,24.0,2.0,12.0
ALO,25.0,0 days 00:01:21.091000,MEDIUM,25.0,2.0,12.0
ALO,26.0,0 days 00:01:20.858000,MEDIUM,26.0,2.0,12.0
ALO,27.0,0 days 00:01:21.303000,MEDIUM,27.0,2.0,12.0
ALO,28.0,0 days 00:01:21.544000,MEDIUM,28.0,2.0,12.0
ALO,29.0,0 days 00:01:21.205000,MEDIUM,29.0,2.0,12.0
ALO,30.0,0 days 00:01:21.034000,MEDIUM,30.0,2.0,12.0
ALO,31.0,0 days 00:01:20.642000,MEDIUM,31.0,2.0,12.0
ALO,32.0,0 days 00:01:21.010000,MEDIUM,32.0,2.0,12.0
ALO,33.0,0 days 00:01:20.350000,MEDIUM,33.0,2.0,12.0
ALO,34.0,0 days 00:01:20.877000,MEDIUM,34.0,2.0,12.0
ALO,35.0,0 days 00:01:20.432000,MEDIUM,35.0,2.0,12.0
ALO,36.0,0 days 00:01:21.128000,MEDIUM,36.0,2.0,12.0
ALO,37.0,0 days 00:01:21.512000,MEDIUM,37.0,2.0,12.0
ALO,38.0,0 days 00:01:21.082000,MEDIUM,38.0,2.0,12.0
ALO,39.0,0 days 00:01:21.265000,MEDIUM,39.0,2.0,12.0
ALO,40.0,0 days 00:01:20.755000,MEDIUM,40.0,2.0,12.0
ALO,41.0,0 days 00:01:23.446000,MEDIUM,41.0,2.0,12.0
ALO,42.0,0 days 00:01:23.332000,MEDIUM,42.0,2.0,12.0
ALO,43.0,0 days 00:01:20.286000,MEDIUM,43.0,2.0,12.0
ALO,44.0,0 days 00:01:18.852000,MEDIUM,44.0,2.0,12.0
ALO,45.0,0 days 00:01:19.956000,MEDIUM,45.0,2.0,12.0
ALO,46.0,0 days 00:01:18.928000,MEDIUM,46.0,2.0,12.0
ALO,47.0,0 days 00:01:19.109000,MEDIUM,47.0,2.0,12.0
ALO,48.0,0 days 00:01:20.315000,MEDIUM,48.0,2.0,11.0
ALO,49.0,0 days 00:01:19.837000,MEDIUM,49.0,2.0,11.0
ALO,50.0,0 days 00:01:19.334000,MEDIUM,50.0,2.0,11.0
ALO,51.0,0 days 00:01:20.636000,MEDIUM,51.0,2.0,11.0
ALO,52.0,0 days 00:01:23.377000,MEDIUM,52.0,2.0,11.0
ALO,53.0,0 days 00:01:19.992000,MEDIUM,53.0,2.0,11.0
ALO,54.0,0 days 00:01:19.191000,MEDIUM,54.0,2.0,11.0
ALO,55.0,0 days 00:01:19.411000,MEDIUM,55.0,2.0,11.0
ALO,56.0,0 days 00:01:20.739000,MEDIUM,56.0,2.0,11.0
ALO,57.0,0 days 00:01:20.600000,MEDIUM,57.0,2.0,11.0
ALO,58.0,0 days 00:01:19.229000,MEDIUM,58.0,2.0,11.0
ALO,59.0,0 days 00:01:19.219000,MEDIUM,59.0,2.0,11.0
ALO,60.0,0 days 00:01:19.166000,MEDIUM,60.0,2.0,11.0
ALO,61.0,0 days 00:01:18.752000,MEDIUM,61.0,2.0,11.0
ALO,62.0,0 days 00:01:18.816000,MEDIUM,62.0,2.0,11.0
ALO,63.0,0 days 00:01:18.556000,MEDIUM,63.0,2.0,11.0
ALO,64.0,0 days 00:01:18.736000,MEDIUM,64.0,2.0,11.0
ALO,65.0,0 days 00:01:18.633000,MEDIUM,65.0,2.0,11.0
ALO,66.0,0 days 00:01:18.637000,MEDIUM,66.0,2.0,11.0
ALO,67.0,0 days 00:01:18.126000,MEDIUM,67.0,2.0,11.0
ALO,68.0,0 days 00:01:17.939000,MEDIUM,68.0,2.0,11.0
ALO,69.0,0 days 00:01:18.713000,MEDIUM,69.0,2.0,11.0
ALO,70.0,0 days 00:01:18.473000,MEDIUM,70.0,2.0,11.0
ALO,71.0,0 days 00:01:18.133000,MEDIUM,71.0,2.0,11.0
ALO,72.0,0 days 00:01:18.081000,MEDIUM,72.0,2.0,11.0
ALO,73.0,0 days 00:01:18.504000,MEDIUM,73.0,2.0,11.0
ALO,74.0,0 days 00:01:20.336000,MEDIUM,74.0,2.0,11.0
ALO,75.0,0 days 00:01:18.663000,MEDIUM,75.0,2.0,11.0
ALO,76.0,0 days 00:01:19.053000,MEDIUM,76.0,2.0,11.0
RIC,1.0,0 days 00:41:47.607000,MEDIUM,1.0,1.0,12.0
RIC,2.0,0 days 00:02:10.108000,HARD,2.0,2.0,12.0
RIC,3.0,0 days 00:01:29.656000,HARD,3.0,2.0,13.0
RIC,4.0,0 days 00:01:23.524000,HARD,4.0,2.0,13.0
RIC,5.0,0 days 00:01:23.744000,HARD,5.0,2.0,13.0
RIC,6.0,0 days 00:01:22.748000,HARD,6.0,2.0,13.0
RIC,7.0,0 days 00:01:22.747000,HARD,7.0,2.0,13.0
RIC,8.0,0 days 00:01:22.433000,HARD,8.0,2.0,13.0
RIC,9.0,0 days 00:01:21.528000,HARD,9.0,2.0,13.0
RIC,10.0,0 days 00:01:21.976000,HARD,10.0,2.0,13.0
RIC,11.0,0 days 00:01:21.530000,HARD,11.0,2.0,13.0
RIC,12.0,0 days 00:01:21.277000,HARD,12.0,2.0,13.0
RIC,13.0,0 days 00:01:21.416000,HARD,13.0,2.0,13.0
RIC,14.0,0 days 00:01:21.391000,HARD,14.0,2.0,13.0
RIC,15.0,0 days 00:01:21.177000,HARD,15.0,2.0,13.0
RIC,16.0,0 days 00:01:21.125000,HARD,16.0,2.0,13.0
RIC,17.0,0 days 00:01:20.862000,HARD,17.0,2.0,13.0
RIC,18.0,0 days 00:01:21.108000,HARD,18.0,2.0,13.0
RIC,19.0,0 days 00:01:21.310000,HARD,19.0,2.0,13.0
RIC,20.0,0 days 00:01:20.942000,HARD,20.0,2.0,13.0
RIC,21.0,0 days 00:01:20.817000,HARD,21.0,2.0,13.0
RIC,22.0,0 days 00:01:20.849000,HARD,22.0,2.0,13.0
RIC,23.0,0 days 00:01:20.662000,HARD,23.0,2.0,13.0
RIC,24.0,0 days 00:01:20.348000,HARD,24.0,2.0,13.0
RIC,25.0,0 days 00:01:21.029000,HARD,25.0,2.0,13.0
RIC,26.0,0 days 00:01:20.691000,HARD,26.0,2.0,13.0
RIC,27.0,0 days 00:01:21.365000,HARD,27.0,2.0,13.0
RIC,28.0,0 days 00:01:21.566000,HARD,28.0,2.0,13.0
RIC,29.0,0 days 00:01:21.265000,HARD,29.0,2.0,13.0
RIC,30.0,0 days 00:01:20.900000,HARD,30.0,2.0,13.0
RIC,31.0,0 days 00:01:20.703000,HARD,31.0,2.0,13.0
RIC,32.0,0 days 00:01:20.940000,HARD,32.0,2.0,13.0
RIC,33.0,0 days 00:01:20.395000,HARD,33.0,2.0,13.0
RIC,34.0,0 days 00:01:20.840000,HARD,34.0,2.0,13.0
RIC,35.0,0 days 00:01:20.540000,HARD,35.0,2.0,13.0
RIC,36.0,0 days 00:01:21.126000,HARD,36.0,2.0,13.0
RIC,37.0,0 days 00:01:21.358000,HARD,37.0,2.0,13.0
RIC,38.0,0 days 00:01:21.099000,HARD,38.0,2.0,13.0
RIC,39.0,0 days 00:01:21.255000,HARD,39.0,2.0,13.0
RIC,40.0,0 days 00:01:20.870000,HARD,40.0,2.0,13.0
RIC,41.0,0 days 00:01:25.218000,HARD,41.0,2.0,13.0
RIC,42.0,0 days 00:01:21.527000,HARD,42.0,2.0,13.0
RIC,43.0,0 days 00:01:21.053000,HARD,43.0,2.0,13.0
RIC,44.0,0 days 00:01:18.003000,HARD,44.0,2.0,13.0
RIC,45.0,0 days 00:01:21.761000,HARD,45.0,2.0,13.0
RIC,46.0,0 days 00:01:17.172000,HARD,46.0,2.0,13.0
RIC,47.0,0 days 00:01:21.071000,HARD,47.0,2.0,13.0
RIC,48.0,0 days 00:01:18.282000,HARD,48.0,2.0,12.0
RIC,49.0,0 days 00:01:19.837000,HARD,49.0,2.0,12.0
RIC,50.0,0 days 00:01:19.796000,HARD,50.0,2.0,12.0
RIC,51.0,0 days 00:01:22.683000,HARD,51.0,2.0,12.0
RIC,52.0,0 days 00:01:20.696000,HARD,52.0,2.0,12.0
RIC,53.0,0 days 00:01:20.079000,HARD,53.0,2.0,12.0
RIC,54.0,0 days 00:01:19.176000,HARD,54.0,2.0,12.0
RIC,55.0,0 days 00:01:19.457000,HARD,55.0,2.0,12.0
RIC,56.0,0 days 00:01:22.007000,HARD,56.0,2.0,12.0
RIC,57.0,0 days 00:01:19.672000,HARD,57.0,2.0,12.0
RIC,58.0,0 days 00:01:19.119000,HARD,58.0,2.0,12.0
RIC,59.0,0 days 00:01:18.936000,HARD,59.0,2.0,12.0
RIC,60.0,0 days 00:01:19.230000,HARD,60.0,2.0,12.0
RIC,61.0,0 days 00:01:18.771000,HARD,61.0,2.0,12.0
RIC,62.0,0 days 00:01:18.977000,HARD,62.0,2.0,12.0
RIC,63.0,0 days 00:01:18.805000,HARD,63.0,2.0,12.0
RIC,64.0,0 days 00:01:18.637000,HARD,64.0,2.0,12.0
RIC,65.0,0 days 00:01:18.730000,HARD,65.0,2.0,12.0
RIC,66.0,0 days 00:01:18.248000,HARD,66.0,2.0,12.0
RIC,67.0,0 days 00:01:18.219000,HARD,67.0,2.0,12.0
RIC,68.0,0 days 00:01:18.116000,HARD,68.0,2.0,12.0
RIC,69.0,0 days 00:01:18.386000,HARD,69.0,2.0,12.0
RIC,70.0,0 days 00:01:18.706000,HARD,70.0,2.0,12.0
RIC,71.0,0 days 00:01:18.108000,HARD,71.0,2.0,12.0
RIC,72.0,0 days 00:01:18.068000,HARD,72.0,2.0,12.0
RIC,73.0,0 days 00:01:18.512000,HARD,73.0,2.0,12.0
RIC,74.0,0 days 00:01:20.358000,HARD,74.0,2.0,12.0
RIC,75.0,0 days 00:01:18.645000,HARD,75.0,2.0,12.0
RIC,76.0,0 days 00:01:18.930000,HARD,76.0,2.0,12.0
BOT,1.0,0 days 00:42:01.748000,HARD,1.0,1.0,15.0
BOT,2.0,0 days 00:01:56.358000,MEDIUM,1.0,2.0,15.0
BOT,3.0,0 days 00:01:29.743000,MEDIUM,2.0,2.0,14.0
BOT,4.0,0 days 00:01:23.386000,MEDIUM,3.0,2.0,14.0
BOT,5.0,0 days 00:01:23.636000,MEDIUM,4.0,2.0,14.0
BOT,6.0,0 days 00:01:22.868000,MEDIUM,5.0,2.0,14.0
BOT,7.0,0 days 00:01:22.832000,MEDIUM,6.0,2.0,14.0
BOT,8.0,0 days 00:01:22.249000,MEDIUM,7.0,2.0,14.0
BOT,9.0,0 days 00:01:21.715000,MEDIUM,8.0,2.0,14.0
BOT,10.0,0 days 00:01:21.947000,MEDIUM,9.0,2.0,14.0
BOT,11.0,0 days 00:01:21.547000,MEDIUM,10.0,2.0,14.0
BOT,12.0,0 days 00:01:21.328000,MEDIUM,11.0,2.0,14.0
BOT,13.0,0 days 00:01:21.540000,MEDIUM,12.0,2.0,14.0
BOT,14.0,0 days 00:01:21.221000,MEDIUM,13.0,2.0,14.0
BOT,15.0,0 days 00:01:37.899000,MEDIUM,14.0,2.0,16.0
BOT,16.0,0 days 00:01:20.012000,HARD,2.0,3.0,16.0
BOT,17.0,0 days 00:01:16.561000,HARD,3.0,3.0,16.0
BOT,18.0,0 days 00:01:16.567000,HARD,4.0,3.0,16.0
BOT,19.0,0 days 00:01:17.829000,HARD,5.0,3.0,16.0
BOT,20.0,0 days 00:01:19.124000,HARD,6.0,3.0,16.0
BOT,21.0,0 days 00:01:20.462000,HARD,7.0,3.0,16.0
BOT,22.0,0 days 00:01:21.022000,HARD,8.0,3.0,16.0
BOT,23.0,0 days 00:01:20.750000,HARD,9.0,3.0,16.0
BOT,24.0,0 days 00:01:20.564000,HARD,10.0,3.0,16.0
BOT,25.0,0 days 00:01:20.783000,HARD,11.0,3.0,16.0
BOT,26.0,0 days 00:01:20.851000,HARD,12.0,3.0,16.0
BOT,27.0,0 days 00:01:21.370000,HARD,13.0,3.0,16.0
BOT,28.0,0 days 00:01:21.765000,HARD,14.0,3.0,16.0
BOT,29.0,0 days 00:01:20.857000,HARD,15.0,3.0,16.0
BOT,30.0,0 days 00:01:21.470000,HARD,16.0,3.0,16.0
BOT,31.0,0 days 00:01:20.752000,HARD,17.0,3.0,16.0
BOT,32.0,0 days 00:01:20.658000,HARD,18.0,3.0,16.0
BOT,33.0,0 days 00:01:20.525000,HARD,19.0,3.0,16.0
BOT,34.0,0 days 00:01:20.903000,HARD,20.0,3.0,16.0
BOT,35.0,0 days 00:01:20.254000,HARD,21.0,3.0,16.0
BOT,36.0,0 days 00:01:21.196000,HARD,22.0,3.0,16.0
BOT,37.0,0 days 00:01:21.386000,HARD,23.0,3.0,16.0
BOT,38.0,0 days 00:01:20.948000,HARD,24.0,3.0,16.0
BOT,39.0,0 days 00:01:23.172000,HARD,25.0,3.0,16.0
BOT,40.0,0 days 00:01:23.591000,HARD,26.0,3.0,16.0
BOT,41.0,0 days 00:01:20.230000,HARD,27.0,3.0,16.0
BOT,42.0,0 days 00:01:22.109000,HARD,28.0,3.0,16.0
BOT,43.0,0 days 00:01:20.912000,HARD,29.0,3.0,16.0
BOT,44.0,0 days 00:01:19.772000,HARD,30.0,3.0,16.0
BOT,45.0,0 days 00:01:20.043000,HARD,31.0,3.0,16.0
BOT,46.0,0 days 00:01:20.417000,HARD,32.0,3.0,16.0
BOT,47.0,0 days 00:01:22.969000,HARD,33.0,3.0,16.0
BOT,48.0,0 days 00:01:20.562000,HARD,34.0,3.0,15.0
BOT,49.0,0 days 00:01:20.818000,HARD,35.0,3.0,15.0
BOT,50.0,0 days 00:01:20.239000,HARD,36.0,3.0,14.0
BOT,51.0,0 days 00:01:17.205000,HARD,37.0,3.0,13.0
BOT,52.0,0 days 00:01:17.202000,HARD,38.0,3.0,13.0
BOT,53.0,0 days 00:01:18.456000,HARD,39.0,3.0,13.0
BOT,54.0,0 days 00:01:19.403000,HARD,40.0,3.0,13.0
BOT,55.0,0 days 00:01:20.375000,HARD,41.0,3.0,13.0
BOT,56.0,0 days 00:01:21.657000,HARD,42.0,3.0,13.0
BOT,57.0,0 days 00:01:18.994000,HARD,43.0,3.0,13.0
BOT,58.0,0 days 00:01:19.280000,HARD,44.0,3.0,13.0
BOT,59.0,0 days 00:01:18.999000,HARD,45.0,3.0,13.0
BOT,60.0,0 days 00:01:19.069000,HARD,46.0,3.0,13.0
BOT,61.0,0 days 00:01:18.623000,HARD,47.0,3.0,13.0
BOT,62.0,0 days 00:01:18.964000,HARD,48.0,3.0,13.0
BOT,63.0,0 days 00:01:19.024000,HARD,49.0,3.0,13.0
BOT,64.0,0 days 00:01:18.531000,HARD,50.0,3.0,13.0
BOT,65.0,0 days 00:01:18.642000,HARD,51.0,3.0,13.0
BOT,66.0,0 days 00:01:18.383000,HARD,52.0,3.0,13.0
BOT,67.0,0 days 00:01:18.467000,HARD,53.0,3.0,13.0
BOT,68.0,0 days 00:01:18.052000,HARD,54.0,3.0,13.0
BOT,69.0,0 days 00:01:18.088000,HARD,55.0,3.0,13.0
BOT,70.0,0 days 00:01:18.778000,HARD,56.0,3.0,13.0
BOT,71.0,0 days 00:01:18.104000,HARD,57.0,3.0,13.0
BOT,72.0,0 days 00:01:18.347000,HARD,58.0,3.0,13.0
BOT,73.0,0 days 00:01:20.068000,HARD,59.0,3.0,13.0
BOT,74.0,0 days 00:01:18.318000,HARD,60.0,3.0,13.0
BOT,75.0,0 days 00:01:18.779000,HARD,61.0,3.0,13.0
BOT,76.0,0 days 00:01:18.774000,HARD,62.0,3.0,13.0
STR,1.0,0 days 00:41:42.648000,HARD,2.0,1.0,11.0
STR,2.0,0 days 00:02:14.844000,MEDIUM,2.0,2.0,11.0
STR,3.0,0 days 00:01:28.303000,MEDIUM,3.0,2.0,11.0
STR,4.0,0 days 00:01:23.354000,MEDIUM,4.0,2.0,11.0
STR,5.0,0 days 00:01:23.731000,MEDIUM,5.0,2.0,11.0
STR,6.0,0 days 00:01:22.977000,MEDIUM,6.0,2.0,11.0
STR,7.0,0 days 00:01:22.634000,MEDIUM,7.0,2.0,11.0
STR,8.0,0 days 00:01:21.653000,MEDIUM,8.0,2.0,11.0
STR,9.0,0 days 00:01:22.090000,MEDIUM,9.0,2.0,11.0
STR,10.0,0 days 00:01:21.725000,MEDIUM,10.0,2.0,11.0
STR,11.0,0 days 00:01:21.517000,MEDIUM,11.0,2.0,11.0
STR,12.0,0 days 00:01:21.471000,MEDIUM,12.0,2.0,11.0
STR,13.0,0 days 00:01:21.314000,MEDIUM,13.0,2.0,11.0
STR,14.0,0 days 00:01:20.427000,MEDIUM,14.0,2.0,11.0
STR,15.0,0 days 00:01:20.781000,MEDIUM,15.0,2.0,11.0
STR,16.0,0 days 00:01:21.189000,MEDIUM,16.0,2.0,11.0
STR,17.0,0 days 00:01:21.970000,MEDIUM,17.0,2.0,11.0
STR,18.0,0 days 00:01:20.698000,MEDIUM,18.0,2.0,11.0
STR,19.0,0 days 00:01:20.353000,MEDIUM,19.0,2.0,11.0
STR,20.0,0 days 00:01:19.398000,MEDIUM,20.0,2.0,11.0
STR,21.0,0 days 00:01:19.016000,MEDIUM,21.0,2.0,11.0
STR,22.0,0 days 00:01:21.307000,MEDIUM,22.0,2.0,11.0
STR,23.0,0 days 00:01:21.188000,MEDIUM,23.0,2.0,11.0
STR,24.0,0 days 00:01:21.621000,MEDIUM,24.0,2.0,11.0
STR,25.0,0 days 00:01:20.506000,MEDIUM,25.0,2.0,11.0
STR,26.0,0 days 00:01:20.589000,MEDIUM,26.0,2.0,11.0
STR,27.0,0 days 00:01:20.307000,MEDIUM,27.0,2.0,11.0
STR,28.0,0 days 00:01:20.131000,MEDIUM,28.0,2.0,11.0
STR,29.0,0 days 00:01:19.464000,MEDIUM,29.0,2.0,11.0
STR,30.0,0 days 00:01:21.422000,MEDIUM,30.0,2.0,11.0
STR,31.0,0 days 00:01:22.535000,MEDIUM,31.0,2.0,11.0
STR,32.0,0 days 00:01:21.252000,MEDIUM,32.0,2.0,11.0
STR,33.0,0 days 00:01:20.536000,MEDIUM,33.0,2.0,11.0
STR,34.0,0 days 00:01:19.789000,MEDIUM,34.0,2.0,11.0
STR,35.0,0 days 00:01:19.497000,MEDIUM,35.0,2.0,11.0
STR,36.0,0 days 00:01:19.297000,MEDIUM,36.0,2.0,11.0
STR,37.0,0 days 00:01:19.638000,MEDIUM,37.0,2.0,11.0
STR,38.0,0 days 00:01:19.706000,MEDIUM,38.0,2.0,11.0
STR,39.0,0 days 00:01:19.867000,MEDIUM,39.0,2.0,11.0
STR,40.0,0 days 00:01:20.450000,MEDIUM,40.0,2.0,11.0
STR,41.0,0 days 00:01:20.200000,MEDIUM,41.0,2.0,11.0
STR,42.0,0 days 00:01:37.062000,MEDIUM,42.0,2.0,11.0
STR,43.0,0 days 00:01:22.775000,HARD,3.0,3.0,11.0
STR,44.0,0 days 00:01:18.551000,HARD,4.0,3.0,11.0
STR,45.0,0 days 00:01:18.806000,HARD,5.0,3.0,11.0
STR,46.0,0 days 00:01:18.296000,HARD,6.0,3.0,11.0
STR,47.0,0 days 00:01:18.062000,HARD,7.0,3.0,11.0
STR,48.0,0 days 00:01:49.132000,HARD,8.0,3.0,16.0
STR,49.0,0 days 00:01:19.089000,SOFT,1.0,4.0,16.0
STR,50.0,0 days 00:01:17.788000,SOFT,2.0,4.0,16.0
STR,51.0,0 days 00:01:16.982000,SOFT,3.0,4.0,16.0
STR,52.0,0 days 00:01:17.350000,SOFT,4.0,4.0,16.0
STR,53.0,0 days 00:01:21.547000,SOFT,5.0,4.0,16.0
STR,54.0,0 days 00:01:20.571000,SOFT,6.0,4.0,16.0
STR,55.0,0 days 00:01:19.963000,SOFT,7.0,4.0,15.0
STR,56.0,0 days 00:01:17.279000,SOFT,8.0,4.0,14.0
STR,57.0,0 days 00:01:16.914000,SOFT,9.0,4.0,14.0
STR,58.0,0 days 00:01:17.156000,SOFT,10.0,4.0,14.0
STR,59.0,0 days 00:01:16.710000,SOFT,11.0,4.0,14.0
STR,60.0,0 days 00:01:17.326000,SOFT,12.0,4.0,14.0
STR,61.0,0 days 00:01:18.298000,SOFT,13.0,4.0,14.0
STR,62.0,0 days 00:01:19.070000,SOFT,14.0,4.0,14.0
STR,63.0,0 days 00:01:19.100000,SOFT,15.0,4.0,14.0
STR,64.0,0 days 00:01:18.425000,SOFT,16.0,4.0,14.0
STR,65.0,0 days 00:01:18.732000,SOFT,17.0,4.0,14.0
STR,66.0,0 days 00:01:18.748000,SOFT,18.0,4.0,14.0
STR,67.0,0 days 00:01:18.636000,SOFT,19.0,4.0,14.0
STR,68.0,0 days 00:01:18.057000,SOFT,20.0,4.0,14.0
STR,69.0,0 days 00:01:18.275000,SOFT,21.0,4.0,14.0
STR,70.0,0 days 00:01:18.557000,SOFT,22.0,4.0,14.0
STR,71.0,0 days 00:01:18.464000,SOFT,23.0,4.0,14.0
STR,72.0,0 days 00:01:18.332000,SOFT,24.0,4.0,14.0
STR,73.0,0 days 00:01:20.709000,SOFT,25.0,4.0,14.0
STR,74.0,0 days 00:01:18.230000,SOFT,26.0,4.0,14.0
STR,75.0,0 days 00:01:18.511000,SOFT,27.0,4.0,14.0
STR,76.0,0 days 00:01:18.623000,SOFT,28.0,4.0,14.0
SAR,1.0,0 days 00:41:56.858000,HARD,1.0,1.0,14.0
SAR,2.0,0 days 00:02:01.235000,HARD,2.0,2.0,14.0
SAR,3.0,0 days 00:01:30.077000,HARD,3.0,2.0,15.0
SAR,4.0,0 days 00:01:23.682000,HARD,4.0,2.0,15.0
SAR,5.0,0 days 00:01:23.674000,HARD,5.0,2.0,15.0
SAR,6.0,0 days 00:01:22.739000,HARD,6.0,2.0,15.0
SAR,7.0,0 days 00:01:22.899000,HARD,7.0,2.0,15.0
SAR,8.0,0 days 00:01:22.221000,HARD,8.0,2.0,15.0
SAR,9.0,0 days 00:01:21.679000,HARD,9.0,2.0,15.0
SAR,10.0,0 days 00:01:21.944000,HARD,10.0,2.0,15.0
SAR,11.0,0 days 00:01:21.492000,HARD,11.0,2.0,15.0
SAR,12.0,0 days 00:01:21.404000,HARD,12.0,2.0,15.0
SAR,13.0,0 days 00:01:21.499000,HARD,13.0,2.0,15.0
SAR,14.0,0 days 00:01:21.219000,HARD,14.0,2.0,15.0
SAR,15.0,0 days 00:01:21.340000,HARD,15.0,2.0,14.0
SAR,16.0,0 days 00:01:20.646000,HARD,16.0,2.0,14.0
SAR,17.0,0 days 00:01:21.016000,HARD,17.0,2.0,14.0
SAR,18.0,0 days 00:01:21.031000,HARD,18.0,2.0,14.0
SAR,19.0,0 days 00:01:21.221000,HARD,19.0,2.0,14.0
SAR,20.0,0 days 00:01:20.853000,HARD,20.0,2.0,14.0
SAR,21.0,0 days 00:01:20.849000,HARD,21.0,2.0,14.0
SAR,22.0,0 days 00:01:20.897000,HARD,22.0,2.0,14.0
SAR,23.0,0 days 00:01:20.593000,HARD,23.0,2.0,14.0
SAR,24.0,0 days 00:01:20.395000,HARD,24.0,2.0,14.0
SAR,25.0,0 days 00:01:20.903000,HARD,25.0,2.0,14.0
SAR,26.0,0 days 00:01:20.929000,HARD,26.0,2.0,14.0
SAR,27.0,0 days 00:01:21.231000,HARD,27.0,2.0,14.0
SAR,28.0,0 days 00:01:21.604000,HARD,28.0,2.0,14.0
SAR,29.0,0 days 00:01:21.334000,HARD,29.0,2.0,14.0
SAR,30.0,0 days 00:01:20.840000,HARD,30.0,2.0,14.0
SAR,31.0,0 days 00:01:20.775000,HARD,31.0,2.0,14.0
SAR,32.0,0 days 00:01:20.797000,HARD,32.0,2.0,14.0
SAR,33.0,0 days 00:01:20.530000,HARD,33.0,2.0,14.0
SAR,34.0,0 days 00:01:20.738000,HARD,34.0,2.0,14.0
SAR,35.0,0 days 00:01:20.584000,HARD,35.0,2.0,14.0
SAR,36.0,0 days 00:01:21.134000,HARD,36.0,2.0,14.0
SAR,37.0,0 days 00:01:21.404000,HARD,37.0,2.0,14.0
SAR,38.0,0 days 00:01:21.131000,HARD,38.0,2.0,14.0
SAR,39.0,0 days 00:01:21.273000,HARD,39.0,2.0,14.0
SAR,40.0,0 days 00:01:21.780000,HARD,40.0,2.0,14.0
SAR,41.0,0 days 00:01:24.378000,HARD,41.0,2.0,14.0
SAR,42.0,0 days 00:01:21.870000,HARD,42.0,2.0,14.0
SAR,43.0,0 days 00:01:20.552000,HARD,43.0,2.0,14.0
SAR,44.0,0 days 00:01:19.511000,HARD,44.0,2.0,14.0
SAR,45.0,0 days 00:01:20.720000,HARD,45.0,2.0,14.0
SAR,46.0,0 days 00:01:20.124000,HARD,46.0,2.0,14.0
SAR,47.0,0 days 00:01:19.888000,HARD,47.0,2.0,14.0
SAR,48.0,0 days 00:01:20.970000,HARD,48.0,2.0,13.0
SAR,49.0,0 days 00:01:23.966000,HARD,49.0,2.0,13.0
SAR,50.0,0 days 00:01:20.292000,HARD,50.0,2.0,13.0
SAR,51.0,0 days 00:01:21.817000,HARD,51.0,2.0,14.0
SAR,52.0,0 days 00:01:20.780000,HARD,52.0,2.0,14.0
SAR,53.0,0 days 00:01:21.318000,HARD,53.0,2.0,14.0
SAR,54.0,0 days 00:01:22.289000,HARD,54.0,2.0,14.0
SAR,55.0,0 days 00:01:20.342000,HARD,55.0,2.0,14.0
SAR,56.0,0 days 00:01:21.474000,HARD,56.0,2.0,15.0
SAR,57.0,0 days 00:01:37.746000,HARD,57.0,2.0,16.0
SAR,58.0,0 days 00:01:19.809000,MEDIUM,1.0,3.0,16.0
SAR,59.0,0 days 00:01:15.594000,MEDIUM,2.0,3.0,16.0
SAR,60.0,0 days 00:01:15.580000,MEDIUM,3.0,3.0,16.0
SAR,61.0,0 days 00:01:15.558000,MEDIUM,4.0,3.0,16.0
SAR,62.0,0 days 00:01:15.525000,MEDIUM,5.0,3.0,16.0
SAR,63.0,0 days 00:01:15.688000,MEDIUM,6.0,3.0,16.0
SAR,64.0,0 days 00:01:16.895000,MEDIUM,7.0,3.0,16.0
SAR,65.0,0 days 00:01:19.869000,MEDIUM,8.0,3.0,16.0
SAR,66.0,0 days 00:01:20.799000,MEDIUM,9.0,3.0,16.0
SAR,67.0,0 days 00:01:20.347000,MEDIUM,10.0,3.0,16.0
SAR,68.0,0 days 00:01:20.004000,MEDIUM,11.0,3.0,15.0
SAR,69.0,0 days 00:01:16.077000,MEDIUM,12.0,3.0,15.0
SAR,70.0,0 days 00:01:16.866000,MEDIUM,13.0,3.0,15.0
SAR,71.0,0 days 00:01:16.326000,MEDIUM,14.0,3.0,15.0
SAR,72.0,0 days 00:01:16.402000,MEDIUM,15.0,3.0,15.0
SAR,73.0,0 days 00:01:16.370000,MEDIUM,16.0,3.0,15.0
SAR,74.0,0 days 00:01:16.863000,MEDIUM,17.0,3.0,15.0
SAR,75.0,0 days 00:01:16.324000,MEDIUM,18.0,3.0,15.0
SAR,76.0,0 days 00:01:17.197000,MEDIUM,19.0,3.0,15.0
ZHO,1.0,0 days 00:42:06.253000,MEDIUM,1.0,1.0,16.0
ZHO,2.0,0 days 00:01:52.131000,HARD,1.0,2.0,16.0
ZHO,3.0,0 days 00:01:30.396000,HARD,2.0,2.0,16.0
ZHO,4.0,0 days 00:01:23.698000,HARD,3.0,2.0,16.0
ZHO,5.0,0 days 00:01:23.494000,HARD,4.0,2.0,16.0
ZHO,6.0,0 days 00:01:22.649000,HARD,5.0,2.0,16.0
ZHO,7.0,0 days 00:01:22.934000,HARD,6.0,2.0,16.0
ZHO,8.0,0 days 00:01:22.182000,HARD,7.0,2.0,16.0
ZHO,9.0,0 days 00:01:21.810000,HARD,8.0,2.0,16.0
ZHO,10.0,0 days 00:01:21.944000,HARD,9.0,2.0,16.0
ZHO,11.0,0 days 00:01:21.563000,HARD,10.0,2.0,16.0
ZHO,12.0,0 days 00:01:21.193000,HARD,11.0,2.0,16.0
ZHO,13.0,0 days 00:01:21.529000,HARD,12.0,2.0,16.0
ZHO,14.0,0 days 00:01:21.264000,HARD,13.0,2.0,16.0
ZHO,15.0,0 days 00:01:21.447000,HARD,14.0,2.0,15.0
ZHO,16.0,0 days 00:01:20.481000,HARD,15.0,2.0,15.0
ZHO,17.0,0 days 00:01:20.979000,HARD,16.0,2.0,15.0
ZHO,18.0,0 days 00:01:20.911000,HARD,17.0,2.0,15.0
ZHO,19.0,0 days 00:01:21.420000,HARD,18.0,2.0,15.0
ZHO,20.0,0 days 00:01:20.904000,HARD,19.0,2.0,15.0
ZHO,21.0,0 days 00:01:20.669000,HARD,20.0,2.0,15.0
ZHO,22.0,0 days 00:01:21.083000,HARD,21.0,2.0,15.0
ZHO,23.0,0 days 00:01:20.792000,HARD,22.0,2.0,15.0
ZHO,24.0,0 days 00:01:20.347000,HARD,23.0,2.0,15.0
ZHO,25.0,0 days 00:01:20.763000,HARD,24.0,2.0,15.0
ZHO,26.0,0 days 00:01:20.869000,HARD,25.0,2.0,15.0
ZHO,27.0,0 days 00:01:21.293000,HARD,26.0,2.0,15.0
ZHO,28.0,0 days 00:01:21.516000,HARD,27.0,2.0,15.0
ZHO,29.0,0 days 00:01:21.338000,HARD,28.0,2.0,15.0
ZHO,30.0,0 days 00:01:21.044000,HARD,29.0,2.0,15.0
ZHO,31.0,0 days 00:01:20.806000,HARD,30.0,2.0,15.0
ZHO,32.0,0 days 00:01:20.782000,HARD,31.0,2.0,15.0
ZHO,33.0,0 days 00:01:20.677000,HARD,32.0,2.0,15.0
ZHO,34.0,0 days 00:01:20.736000,HARD,33.0,2.0,15.0
ZHO,35.0,0 days 00:01:20.372000,HARD,34.0,2.0,15.0
ZHO,36.0,0 days 00:01:20.986000,HARD,35.0,2.0,15.0
ZHO,37.0,0 days 00:01:21.449000,HARD,36.0,2.0,15.0
ZHO,38.0,0 days 00:01:21.090000,HARD,37.0,2.0,15.0
ZHO,39.0,0 days 00:01:21.233000,HARD,38.0,2.0,15.0
ZHO,40.0,0 days 00:01:24.969000,HARD,39.0,2.0,15.0
ZHO,41.0,0 days 00:01:21.127000,HARD,40.0,2.0,15.0
ZHO,42.0,0 days 00:01:21.957000,HARD,41.0,2.0,15.0
ZHO,43.0,0 days 00:01:20.578000,HARD,42.0,2.0,15.0
ZHO,44.0,0 days 00:01:19.610000,HARD,43.0,2.0,15.0
ZHO,45.0,0 days 00:01:20.686000,HARD,44.0,2.0,15.0
ZHO,46.0,0 days 00:01:20.146000,HARD,45.0,2.0,15.0
ZHO,47.0,0 days 00:01:20.075000,HARD,46.0,2.0,15.0
ZHO,48.0,0 days 00:01:22.481000,HARD,47.0,2.0,14.0
ZHO,49.0,0 days 00:01:22.134000,HARD,48.0,2.0,14.0
ZHO,50.0,0 days 00:01:20.946000,HARD,49.0,2.0,15.0
ZHO,51.0,0 days 00:01:20.962000,HARD,50.0,2.0,15.0
ZHO,52.0,0 days 00:01:20.970000,HARD,51.0,2.0,15.0
ZHO,53.0,0 days 00:01:21.375000,HARD,52.0,2.0,15.0
ZHO,54.0,0 days 00:01:22.153000,HARD,53.0,2.0,15.0
ZHO,55.0,0 days 00:01:21.399000,HARD,54.0,2.0,16.0
ZHO,56.0,0 days 00:01:20.315000,HARD,55.0,2.0,16.0
ZHO,57.0,0 days 00:01:21.119000,HARD,56.0,2.0,15.0
ZHO,58.0,0 days 00:01:18.795000,HARD,57.0,2.0,15.0
ZHO,59.0,0 days 00:01:17.936000,HARD,58.0,2.0,15.0
ZHO,60.0,0 days 00:01:18.545000,HARD,59.0,2.0,15.0
ZHO,61.0,0 days 00:01:18.707000,HARD,60.0,2.0,15.0
ZHO,62.0,0 days 00:01:18.817000,HARD,61.0,2.0,15.0
ZHO,63.0,0 days 00:01:18.789000,HARD,62.0,2.0,15.0
ZHO,64.0,0 days 00:01:19.295000,HARD,63.0,2.0,15.0
ZHO,65.0,0 days 00:01:19.719000,HARD,64.0,2.0,15.0
ZHO,66.0,0 days 00:01:19.749000,HARD,65.0,2.0,15.0
ZHO,67.0,0 days 00:01:20.357000,HARD,66.0,2.0,15.0
ZHO,68.0,0 days 00:01:25.217000,HARD,67.0,2.0,16.0
ZHO,69.0,0 days 00:01:20.484000,HARD,68.0,2.0,16.0
ZHO,70.0,0 days 00:01:40.898000,HARD,69.0,2.0,16.0
ZHO,71.0,0 days 00:01:25.295000,SOFT,1.0,3.0,16.0
ZHO,72.0,0 days 00:01:20.585000,SOFT,2.0,3.0,16.0
ZHO,73.0,0 days 00:01:15.233000,SOFT,3.0,3.0,16.0
ZHO,74.0,0 days 00:01:20.473000,SOFT,4.0,3.0,16.0
ZHO,75.0,0 days 00:01:14.718000,SOFT,5.0,3.0,16.0
ZHO,76.0,0 days 00:01:17.173000,SOFT,6.0,3.0,16.0
OCO,1.0,,HARD,1.0,1.0,
PER,1.0,,HARD,1.0,1.0,
HUL,1.0,,MEDIUM,1.0,1.0,
MAG,1.0,,HARD,1.0,1.0,
